scoring_format,Rank,Player,Team,position,POS,PlayerTeam (Bye),Bye,ds_auction_value,market_auction_value,ds_adp,ds_proj,consensus_proj,floor_proj,ceiling_proj,injury_risk,sos
ppr,1,Bijan Robinson,ATL,RB,RB1,Bijan Robinson ATL(11),11,49.0,59.0,1.01,277,262.0,235.3,323.9,0%,-3.2%
ppr,2,Jahmyr Gibbs,DET,RB,RB2,Jahmyr Gibbs DET(6),6,49.0,55.0,1.02,276,265.0,229.1,325.8,0%,0.9%
ppr,3,Puka Nacua,LAR,WR,WR1,Puka Nacua LAR(11),11,47.0,42.0,1.05,230,211.0,188.9,253.4,0%,-3.1%
ppr,4,Jonathan Taylor,IND,RB,RB3,Jonathan Taylor IND(13),13,45.0,60.0,1.09,264,256.0,227.2,311.7,0%,1.7%
ppr,5,Ja'Marr Chase,CIN,WR,WR2,Ja'Marr Chase CIN(6),6,44.0,40.0,1.03,215,195.0,189.4,254.0,0%,4%
ppr,6,Jaxon Smith-Njigba,SEA,WR,WR3,Jaxon Smith-Njigba SEA(11),11,43.0,42.0,2.03,213,199.0,193.7,249.0,0%,-0.1%
ppr,7,Christian McCaffrey,SF,RB,RB4,Christian McCaffrey SF(8),8,42.0,43.0,1.04,255,237.0,211.3,318.2,0%,0.7%
ppr,8,James Cook,BUF,RB,RB5,James Cook BUF(7),7,41.0,57.0,2.02,250,230.0,219.8,307.2,0%,-4.2%
ppr,9,Derrick Henry,BAL,RB,RB6,Derrick Henry BAL(13),13,39.0,65.0,2.05,242,236.0,215.1,307.0,0%,-0.1%
ppr,10,Amon-Ra St. Brown,DET,WR,WR4,Amon-Ra St. Brown DET(6),6,38.0,35.0,1.12,203,184.0,183.0,225.7,0%,-1%
ppr,11,CeeDee Lamb,DAL,WR,WR5,CeeDee Lamb DAL(14),14,37.0,36.0,1.08,196,165.0,172.5,235.2,0%,-0.7%
ppr,12,Justin Jefferson,MIN,WR,WR6,Justin Jefferson MIN(6),6,36.0,32.0,1.11,189,161.0,164.7,248.0,0%,4.9%
ppr,13,Saquon Barkley,PHI,RB,RB7,Saquon Barkley PHI(10),10,36.0,43.0,1.06,228,214.0,207.8,317.4,0%,4.4%
ppr,14,Ashton Jeanty,LVR,RB,RB8,Ashton Jeanty LVR(13),13,35.0,37.0,1.07,231,212.0,205.9,296.1,0%,-3.1%
ppr,15,Nico Collins,HOU,WR,WR7,Nico Collins HOU(8),8,33.0,29.0,2.12,186,159.0,166.0,221.9,0%,4.4%
ppr,16,Josh Jacobs,GB,RB,RB9,Josh Jacobs GB(11),11,32.0,34.0,2.04,230,205.0,195.2,277.9,0%,-2.2%
ppr,17,Josh Allen,BUF,QB,QB1,Josh Allen BUF(7),7,31.0,32.0,2.09,379,364.0,306.9,443.3,0%,-3.4%
ppr,18,George Pickens,DAL,WR,WR8,George Pickens DAL(14),14,31.0,29.0,3.07,177,161.0,159.2,221.1,0%,-0.7%
ppr,19,Drake London,ATL,WR,WR9,Drake London ATL(11),11,30.0,28.0,2.08,178,173.0,164.0,213.9,0%,0.4%
ppr,20,Kenneth Walker III,KC,RB,RB10,Kenneth Walker III KC(5),5,30.0,31.0,3.02,215,207.0,191.7,293.0,0%,0.6%
ppr,21,De'Von Achane,MIA,RB,RB11,De'Von Achane MIA(6),6,29.0,34.0,2.01,217,217.0,195.1,277.4,0%,0.8%
ppr,22,A.J. Brown,PHI,WR,WR10,A.J. Brown PHI(10),10,28.0,25.0,3.05,171,157.0,151.8,214.8,0%,6.6%
ppr,23,Omarion Hampton,LAC,RB,RB12,Omarion Hampton LAC(7),7,28.0,34.0,2.07,211,203.0,185.8,287.2,0%,0.6%
ppr,24,Jeremiyah Love,ARI,RB,RB13,Jeremiyah Love ARI(14),14,27.0,30.0,1.1,204,186.0,183.9,288.2,0%,0.1%
ppr,25,Tee Higgins,CIN,WR,WR11,Tee Higgins CIN(6),6,26.0,22.0,3.08,166,153.0,149.3,205.7,0%,4%
ppr,26,Malik Nabers,NYG,WR,WR12,Malik Nabers NYG(8),8,25.0,25.0,2.06,159,149.0,128.5,222.1,0%,3.7%
ppr,27,Brock Bowers,LVR,TE,TE1,Brock Bowers LVR(13),13,25.0,23.0,2.11,155,137.0,144.0,187.4,0%,-1%
ppr,28,Rashee Rice,KC,WR,WR13,Rashee Rice KC(5),5,24.0,21.0,4.03,170,154.0,125.7,197.0,0%,-2.6%
ppr,29,Chris Olave,NO,WR,WR14,Chris Olave NO(8),8,23.0,22.0,4.08,162,154.0,141.1,193.0,0%,0.9%
ppr,30,Zay Flowers,BAL,WR,WR15,Zay Flowers BAL(13),13,23.0,20.0,5.03,163,143.0,143.3,187.3,0%,-0.3%
ppr,31,Colston Loveland,CHI,TE,TE2,Colston Loveland CHI(10),10,23.0,19.0,4.11,154,137.0,126.1,178.4,0%,-3.6%
ppr,32,Trey McBride,ARI,TE,TE3,Trey McBride ARI(14),14,23.0,22.0,2.1,150,144.0,139.8,175.9,0%,-3.6%
ppr,33,Javonte Williams,DAL,RB,RB14,Javonte Williams DAL(14),14,23.0,25.0,5.08,206,183.0,176.8,254.9,0%,2.9%
ppr,34,Chase Brown,CIN,RB,RB15,Chase Brown CIN(6),6,23.0,24.0,3.01,202,187.0,177.4,262.1,0%,-4%
ppr,35,Kyren Williams,LAR,RB,RB16,Kyren Williams LAR(11),11,22.0,26.0,3.03,200,191.0,184.4,256.6,0%,6.4%
ppr,36,Davante Adams,LAR,WR,WR16,Davante Adams LAR(11),11,22.0,18.0,4.02,156,144.0,137.6,197.1,0%,-3.1%
ppr,37,Christian Watson,GB,WR,WR17,Christian Watson GB(11),11,22.0,18.0,6.05,157,130.0,134.8,197.5,0%,1.3%
ppr,38,DeVonta Smith,PHI,WR,WR18,DeVonta Smith PHI(10),10,22.0,17.0,5.04,155,143.0,142.9,194.2,0%,6.6%
ppr,39,Travis Etienne,NO,RB,RB17,Travis Etienne NO(8),8,21.0,23.0,4.04,191,184.0,175.8,263.7,0%,1.8%
ppr,40,Jameson Williams,DET,WR,WR19,Jameson Williams DET(6),6,20.0,25.0,5.01,148,136.0,133.3,195.5,0%,-1%
ppr,41,Garrett Wilson,NYJ,WR,WR20,Garrett Wilson NYJ(13),13,20.0,19.0,4.01,150,138.0,136.5,184.5,0%,-1%
ppr,42,Tyler Warren,IND,TE,TE4,Tyler Warren IND(13),13,20.0,15.0,6.09,141,114.0,119.5,163.1,0%,1.5%
ppr,43,Breece Hall,NYJ,RB,RB18,Breece Hall NYJ(13),13,19.0,22.0,3.04,193,190.0,171.7,250.8,0%,-2.5%
ppr,44,Tetairoa McMillan,CAR,WR,WR21,Tetairoa McMillan CAR(5),5,19.0,20.0,3.12,146,145.0,133.0,190.1,0%,-1.3%
ppr,45,Jaylen Waddle,DEN,WR,WR22,Jaylen Waddle DEN(10),10,19.0,14.0,6.07,147,124.0,128.2,188.7,0%,-2.5%
ppr,46,Terry McLaurin,WAS,WR,WR23,Terry McLaurin WAS(7),7,18.0,17.0,5.09,145,141.0,130.7,185.8,0%,-2.4%
ppr,47,Luther Burden III,CHI,WR,WR24,Luther Burden III CHI(10),10,18.0,13.0,5.1,144,123.0,124.1,191.9,0%,-2.5%
ppr,48,Lamar Jackson,BAL,QB,QB2,Lamar Jackson BAL(13),13,18.0,16.0,3.1,340,328.0,298.8,438.1,0%,1.1%
ppr,49,Emeka Egbuka,TB,WR,WR25,Emeka Egbuka TB(10),10,18.0,14.0,6.02,143,130.0,124.4,188.7,0%,2.6%
ppr,50,Mike Evans,SF,WR,WR26,Mike Evans SF(8),8,18.0,17.0,4.12,143,134.0,122.8,189.9,0%,-3.2%
ppr,51,D'Andre Swift,CHI,RB,RB19,D'Andre Swift CHI(10),10,18.0,15.0,6.06,188,168.0,169.4,244.7,0%,-3.6%
ppr,52,Rome Odunze,CHI,WR,WR27,Rome Odunze CHI(10),10,17.0,15.0,7.04,139,136.0,124.8,194.2,0%,-2.5%
ppr,53,Tucker Kraft,GB,TE,TE5,Tucker Kraft GB(11),11,17.0,13.0,7.06,131,113.0,110.1,158.6,0%,-3.3%
ppr,54,Ladd McConkey,LAC,WR,WR28,Ladd McConkey LAC(7),7,17.0,14.0,3.09,141,136.0,122.8,187.7,0%,-2.6%
ppr,55,Sam LaPorta,DET,TE,TE6,Sam LaPorta DET(6),6,17.0,14.0,7.02,126,118.0,113.1,158.3,0%,-2%
ppr,56,Drake Maye,NE,QB,QB3,Drake Maye NE(11),11,17.0,15.0,6.01,342,315.0,293.8,427.0,0%,-2.8%
ppr,57,Cameron Skattebo,NYG,RB,RB20,Cameron Skattebo NYG(8),8,16.0,13.0,6.08,184,173.0,160.3,246.8,0%,2.2%
ppr,58,Joe Burrow,CIN,QB,QB4,Joe Burrow CIN(6),6,16.0,12.0,4.1,340,316.0,296.0,425.3,0%,3.2%
ppr,59,D.K. Metcalf,PIT,WR,WR29,D.K. Metcalf PIT(9),9,16.0,12.0,7.03,144,127.0,122.1,173.8,0%,-2.6%
ppr,60,Jayden Daniels,WAS,QB,QB5,Jayden Daniels WAS(7),7,15.0,13.0,5.05,333,311.0,286.0,432.4,0%,-0.4%
ppr,61,Quinshon Judkins,CLE,RB,RB21,Quinshon Judkins CLE(11),11,15.0,17.0,5.07,172,172.0,158.2,244.3,0%,0.6%
ppr,62,Jalen Hurts,PHI,QB,QB6,Jalen Hurts PHI(10),10,15.0,12.0,5.12,330,319.0,290.5,432.4,0%,8.8%
ppr,63,Alec Pierce,IND,WR,WR30,Alec Pierce IND(13),13,15.0,15.0,6.11,136,135.0,118.2,180.7,0%,-0.8%
ppr,64,TreVeyon Henderson,NE,RB,RB22,TreVeyon Henderson NE(11),11,15.0,10.0,3.11,163,150.0,148.5,259.5,0%,-1.9%
ppr,65,Bucky Irving,TB,RB,RB23,Bucky Irving TB(10),10,15.0,17.0,3.06,168,168.0,156.2,241.9,0%,-2.2%
ppr,66,Harold Fannin Jr.,CLE,TE,TE7,Harold Fannin Jr. CLE(11),11,14.0,11.0,4.07,120,105.0,108.2,150.3,0%,3.4%
ppr,67,Trevor Lawrence,JAC,QB,QB7,Trevor Lawrence JAC(7),7,14.0,11.0,9.11,334,301.0,287.1,413.9,0%,4.5%
ppr,68,Marvin Harrison Jr.,ARI,WR,WR31,Marvin Harrison Jr. ARI(14),14,14.0,11.0,6.04,132,125.0,115.7,181.5,0%,-0.8%
ppr,69,David Montgomery,HOU,RB,RB24,David Montgomery HOU(8),8,13.0,15.0,4.05,162,162.0,139.3,236.5,0%,2%
ppr,70,D.J. Moore,BUF,WR,WR32,D.J. Moore BUF(7),7,13.0,11.0,5.06,131,118.0,114.9,176.3,0%,0.7%
ppr,71,Caleb Williams,CHI,QB,QB8,Caleb Williams CHI(10),10,13.0,9.0,9.1,326,300.0,287.1,417.6,0%,-3.5%
ppr,72,Parker Washington,JAC,WR,WR33,Parker Washington JAC(7),7,13.0,10.0,11.11,134,112.0,112.8,169.2,0%,4%
ppr,73,Courtland Sutton,DEN,WR,WR34,Courtland Sutton DEN(10),10,13.0,8.0,7.08,133,122.0,114.2,171.3,0%,-2.5%
ppr,74,Jayden Reed,GB,WR,WR35,Jayden Reed GB(11),11,13.0,7.0,11.01,131,106.0,114.2,173.3,0%,1.3%
ppr,75,Justin Herbert,LAC,QB,QB9,Justin Herbert LAC(7),7,13.0,9.0,9.04,324,301.0,285.4,415.2,0%,-2.8%
ppr,76,Jadarian Price,SEA,RB,RB25,Jadarian Price SEA(11),11,13.0,15.0,7.07,148,156.0,127.4,257.8,0%,5.6%
ppr,77,Brock Purdy,SF,QB,QB10,Brock Purdy SF(8),8,13.0,9.0,10.11,327,304.0,284.5,408.8,0%,-4%
ppr,78,Brian Thomas Jr.,JAC,WR,WR36,Brian Thomas Jr. JAC(7),7,13.0,12.0,4.06,125,111.0,108.4,185.7,0%,4%
ppr,79,Bhayshul Tuten,JAC,RB,RB26,Bhayshul Tuten JAC(7),7,13.0,8.0,6.1,147,146.0,126.6,257.6,0%,0.9%
ppr,80,Tony Pollard,TEN,RB,RB27,Tony Pollard TEN(9),9,12.0,5.0,7.11,154,147.0,140.0,230.8,0%,2.9%
ppr,81,J.K. Dobbins,DEN,RB,RB28,J.K. Dobbins DEN(10),10,12.0,5.0,8.09,152,144.0,130.6,239.9,0%,0.1%
ppr,82,Carnell Tate,TEN,WR,WR37,Carnell Tate TEN(9),9,12.0,11.0,4.09,127,116.0,105.7,178.3,0%,5%
ppr,83,Jordyn Tyson,NO,WR,WR38,Jordyn Tyson NO(8),8,12.0,9.0,6.12,127,109.0,104.3,179.3,0%,0.9%
ppr,84,Jordan Addison,MIN,WR,WR39,Jordan Addison MIN(6),6,12.0,6.0,10.03,129,106.0,109.7,171.6,0%,4.9%
ppr,85,George Kittle,SF,TE,TE8,George Kittle SF(8),8,12.0,8.0,8.02,114,107.0,68.2,169.5,0%,-3.6%
ppr,86,Jaxson Dart,NYG,QB,QB11,Jaxson Dart NYG(8),8,12.0,9.0,8.04,318,299.0,280.1,417.0,0%,4.8%
ppr,87,Chuba Hubbard,CAR,RB,RB29,Chuba Hubbard CAR(5),5,12.0,9.0,6.03,149,146.0,126.3,233.3,0%,-6%
ppr,88,Dak Prescott,DAL,QB,QB12,Dak Prescott DAL(14),14,12.0,10.0,9.06,325,301.0,282.7,399.7,0%,0.5%
ppr,89,Ricky Pearsall,SF,WR,WR40,Ricky Pearsall SF(8),8,11.0,6.0,8.1,126,104.0,101.9,173.5,0%,-3.2%
ppr,90,Rhamondre Stevenson,NE,RB,RB30,Rhamondre Stevenson NE(11),11,11.0,6.0,8.07,148,143.0,131.6,218.9,0%,-1.9%
ppr,91,Jaylen Warren,PIT,RB,RB31,Jaylen Warren PIT(9),9,10.0,3.0,7.09,151,139.0,128.0,195.8,0%,-2.1%
ppr,92,Bo Nix,DEN,QB,QB13,Bo Nix DEN(10),10,10.0,8.0,9.02,312,294.0,280.9,405.7,0%,-3.7%
ppr,93,Kyler Murray,MIN,QB,QB14,Kyler Murray MIN(6),6,10.0,7.0,11.03,309,293.0,271.7,416.7,0%,4%
ppr,94,Patrick Mahomes,KC,QB,QB15,Patrick Mahomes KC(5),5,10.0,7.0,8.05,307,292.0,273.5,418.0,0%,-3.2%
ppr,95,Rico Dowdle,PIT,RB,RB32,Rico Dowdle PIT(9),9,10.0,5.0,8.01,138,139.0,122.6,218.9,0%,-2.1%
ppr,96,Quentin Johnston,LAC,WR,WR41,Quentin Johnston LAC(7),7,10.0,7.0,12.06,121,107.0,98.3,171.1,0%,-2.6%
ppr,97,Jordan Mason,MIN,RB,RB33,Jordan Mason MIN(6),6,10.0,6.0,11.02,135,111.0,115.0,224.6,0%,-0.1%
ppr,98,Jakobi Meyers,JAC,WR,WR42,Jakobi Meyers JAC(7),7,10.0,5.0,10.02,123,107.0,108.2,156.1,0%,4%
ppr,99,Blake Corum,LAR,RB,RB34,Blake Corum LAR(11),11,9.0,6.0,7.1,123,121.0,116.4,239.0,0%,6.4%
ppr,100,Kyle Pitts,ATL,TE,TE9,Kyle Pitts ATL(11),11,9.0,7.0,7.12,105,103.0,99.7,141.7,0%,4.8%
ppr,101,Romeo Doubs,NE,WR,WR43,Romeo Doubs NE(11),11,9.0,6.0,11.12,122,115.0,100.9,160.4,0%,-2.5%
ppr,102,Kyle Monangai,CHI,RB,RB35,Kyle Monangai CHI(10),10,9.0,4.0,7.01,129,130.0,117.2,221.5,0%,-3.6%
ppr,103,Mark Andrews,BAL,TE,TE10,Mark Andrews BAL(13),13,9.0,16.0,8.08,105,97.0,97.0,140.2,0%,3.6%
ppr,104,Xavier Worthy,KC,WR,WR44,Xavier Worthy KC(5),5,9.0,5.0,9.05,115,102.0,96.4,175.6,0%,-2.6%
ppr,105,Matthew Stafford,LAR,QB,QB16,Matthew Stafford LAR(11),11,9.0,6.0,12.03,302,286.0,280.6,407.3,0%,-0%
ppr,106,Jared Goff,DET,QB,QB17,Jared Goff DET(6),6,9.0,5.0,10.12,303,285.0,279.0,400.4,0%,-0.9%
ppr,107,Michael Pittman Jr.,PIT,WR,WR45,Michael Pittman Jr. PIT(9),9,8.0,5.0,9.07,120,105.0,104.7,150.5,0%,-2.6%
ppr,108,Travis Kelce,KC,TE,TE11,Travis Kelce KC(5),5,8.0,5.0,8.06,108,99.0,92.6,129.3,0%,1.9%
ppr,109,Makai Lemon,PHI,WR,WR46,Makai Lemon PHI(10),10,8.0,6.0,5.11,110,94.0,93.8,172.1,0%,6.6%
ppr,110,Tyler Shough,NO,QB,QB18,Tyler Shough NO(8),8,8.0,5.0,13.1,298,268.0,274.1,402.3,0%,0.5%
ppr,111,Michael Wilson,ARI,WR,WR47,Michael Wilson ARI(14),14,8.0,6.0,11.09,113,103.0,93.0,165.5,0%,-0.8%
ppr,112,Jacory Croskey-Merritt,WAS,RB,RB36,Jacory Croskey-Merritt WAS(7),7,8.0,7.0,10.09,110,114.0,94.8,237.0,0%,4.2%
ppr,113,RJ Harvey,DEN,RB,RB37,RJ Harvey DEN(10),10,7.0,2.0,5.02,122,118.0,104.8,203.6,0%,0.1%
ppr,114,KC Concepcion,CLE,WR,WR48,KC Concepcion CLE(11),11,7.0,7.0,12.07,113,90.0,94.0,164.2,0%,4.3%
ppr,115,Jayden Higgins,HOU,WR,WR49,Jayden Higgins HOU(8),8,7.0,5.0,13.01,109,98.0,94.2,169.7,0%,4.4%
ppr,116,Dalton Kincaid,BUF,TE,TE12,Dalton Kincaid BUF(7),7,7.0,7.0,8.11,100,100.0,93.4,135.6,0%,-1.4%
ppr,117,Jonathon Brooks,CAR,RB,RB38,Jonathon Brooks CAR(5),5,7.0,4.0,13.05,107,69.0,90.6,238.8,0%,-6%
ppr,118,Brandon Aiyuk,UNS,WR,WR50,Brandon Aiyuk UNS(18),18,7.0,8.0,16.07,113,96.0,85.7,167.9,0%,-
ppr,119,Chris Rodriguez,JAC,RB,RB39,Chris Rodriguez JAC(7),7,7.0,6.0,12.11,104,97.0,91.6,242.4,0%,0.9%
ppr,120,Brandon Aubrey,DAL,K,K1,Brandon Aubrey DAL(14),14,7.0,5.0,27.06,177,173.0,157.4,190.9,0%,-3.5%
ppr,121,Baker Mayfield,TB,QB,QB19,Baker Mayfield TB(10),10,7.0,5.0,10.08,290,275.0,278.1,402.6,0%,-0.8%
ppr,122,Rachaad White,WAS,RB,RB40,Rachaad White WAS(7),7,6.0,2.0,14.02,119,110.0,87.8,198.2,0%,4.2%
ppr,123,Matthew Golden,GB,WR,WR51,Matthew Golden GB(11),11,6.0,8.0,11.05,103,96.0,89.5,173.8,0%,1.3%
ppr,124,Jordan Love,GB,QB,QB20,Jordan Love GB(11),11,6.0,3.0,13.12,287,273.0,275.9,399.4,0%,-0.3%
ppr,125,Isiah Pacheco,DET,RB,RB41,Isiah Pacheco DET(6),6,6.0,3.0,10.01,104,79.0,92.7,213.6,0%,0.9%
ppr,126,Aaron Jones,MIN,RB,RB42,Aaron Jones MIN(6),6,6.0,3.0,9.09,116,120.0,90.3,186.3,0%,-0.1%
ppr,127,Chris Godwin,TB,WR,WR52,Chris Godwin TB(10),10,6.0,2.0,9.01,109,108.0,92.8,155.0,0%,2.6%
ppr,128,Stefon Diggs,UNS,WR,WR53,Stefon Diggs UNS(18),18,6.0,5.0,11.08,113,108.0,81.4,152.6,0%,-
ppr,129,Hunter Henry,NE,TE,TE13,Hunter Henry NE(11),11,6.0,24.0,8.12,99,93.0,90.7,125.2,0%,-3.5%
ppr,130,Kenneth Gainwell,TB,RB,RB43,Kenneth Gainwell TB(10),10,5.0,2.0,12.04,113,103.0,98.4,179.7,0%,-2.2%
ppr,131,Deebo Samuel,UNS,WR,WR54,Deebo Samuel UNS(18),18,5.0,13.0,14.09,108,93.0,86.4,156.5,0%,-
ppr,132,Cameron Dicker,LAC,K,K2,Cameron Dicker LAC(7),7,5.0,4.0,17.1,170,161.0,151.2,181.8,0%,-3.1%
ppr,133,Jalen McMillan,TB,WR,WR55,Jalen McMillan TB(10),10,5.0,15.0,16.04,101,78.0,85.5,171.1,0%,2.6%
ppr,134,Dallas Goedert,PHI,TE,TE14,Dallas Goedert PHI(10),10,5.0,7.0,10.07,97,95.0,89.0,125.7,0%,7.1%
ppr,135,Calvin Ridley,TEN,WR,WR56,Calvin Ridley TEN(9),9,5.0,5.0,16.06,103,78.0,88.9,161.2,0%,5%
ppr,136,Zach Charbonnet,SEA,RB,RB44,Zach Charbonnet SEA(11),11,5.0,2.0,9.12,98,76.0,41.5,121.8,0%,5.6%
ppr,137,Woody Marks,HOU,RB,RB45,Woody Marks HOU(8),8,5.0,2.0,12.1,103,84.0,93.4,191.0,0%,2%
ppr,138,Josh Downs,IND,WR,WR57,Josh Downs IND(13),13,5.0,2.0,11.04,104,92.0,90.5,154.0,0%,-0.8%
ppr,139,Rashid Shaheed,SEA,WR,WR58,Rashid Shaheed SEA(11),11,4.0,12.0,13.11,98,90.0,88.3,164.8,0%,-0.1%
ppr,140,Isaiah Likely,NYG,TE,TE15,Isaiah Likely NYG(8),8,4.0,12.0,9.03,93,87.0,88.4,125.6,0%,3.2%
ppr,141,C.J. Stroud,HOU,QB,QB21,C.J. Stroud HOU(8),8,4.0,2.0,14.12,281,260.0,269.3,387.2,0%,4.4%
ppr,142,Tyjae Spears,TEN,RB,RB46,Tyjae Spears TEN(9),9,4.0,1.0,14.07,105,88.0,91.1,165.5,0%,2.9%
ppr,143,Tyrone Tracy Jr.,NYG,RB,RB47,Tyrone Tracy Jr. NYG(8),8,4.0,2.0,10.06,89,79.0,80.8,204.2,0%,2.2%
ppr,144,Brenton Strange,JAC,TE,TE16,Brenton Strange JAC(7),7,4.0,12.0,12.01,94,89.0,85.9,118.9,0%,2.5%
ppr,145,Kenyon Sadiq,NYJ,TE,TE17,Kenyon Sadiq NYJ(13),13,4.0,4.0,11.1,89,79.0,83.6,130.8,0%,-1.5%
ppr,146,Daniel Jones,IND,QB,QB22,Daniel Jones IND(13),13,3.0,2.0,16.02,276,257.0,259.5,394.8,0%,1.6%
ppr,147,Ka'imi Fairbairn,HOU,K,K3,Ka'imi Fairbairn HOU(8),8,3.0,2.0,22.11,160,168.0,148.6,177.4,0%,0.6%
ppr,148,Omar Cooper Jr.,NYJ,WR,WR59,Omar Cooper Jr. NYJ(13),13,3.0,9.0,15.06,93,81.0,85.3,167.0,0%,-1%
ppr,149,Wan'Dale Robinson,TEN,WR,WR60,Wan'Dale Robinson TEN(9),9,3.0,2.0,8.03,101,92.0,89.7,147.2,0%,5%
ppr,150,Jake Ferguson,DAL,TE,TE18,Jake Ferguson DAL(14),14,3.0,2.0,10.05,93,93.0,90.5,112.9,0%,-2.5%
ppr,151,Malik Willis,MIA,QB,QB23,Malik Willis MIA(6),6,3.0,2.0,14.08,268,254.0,262.5,404.5,0%,-2%
ppr,152,Denzel Boston,CLE,WR,WR61,Denzel Boston CLE(11),11,3.0,9.0,15.05,93,81.0,79.9,167.1,0%,4.3%
ppr,153,Cam Little,JAC,K,K4,Cam Little JAC(7),7,3.0,3.0,26.11,153,146.0,146.9,180.5,0%,-0.7%
ppr,154,Khalil Shakir,BUF,WR,WR62,Khalil Shakir BUF(7),7,2.0,1.0,11.06,100,92.0,88.4,140.7,0%,0.7%
ppr,155,Juwan Johnson,NO,TE,TE19,Juwan Johnson NO(8),8,2.0,4.0,12.02,91,85.0,83.7,115.5,0%,-0.1%
ppr,156,Brian Robinson Jr.,ATL,RB,RB48,Brian Robinson Jr. ATL(11),11,2.0,1.0,9.08,88,73.0,72.1,175.9,0%,-3.2%
ppr,157,Kaytron Allen,WAS,RB,RB49,Kaytron Allen WAS(7),7,2.0,2.0,15.08,73,42.0,66.8,210.7,0%,4.2%
ppr,158,Tyler Allgeier,ARI,RB,RB50,Tyler Allgeier ARI(14),14,2.0,2.0,10.04,88,71.0,72.4,174.0,0%,0.1%
ppr,159,Tyler Loop,BAL,K,K5,Tyler Loop BAL(13),13,2.0,1.0,32.04,153,148.0,143.6,178.8,0%,-1.6%
ppr,160,Dylan Sampson,CLE,RB,RB51,Dylan Sampson CLE(11),11,2.0,1.0,14.11,88,62.0,76.2,159.4,0%,0.6%
ppr,161,Alvin Kamara,NO,RB,RB52,Alvin Kamara NO(8),8,2.0,0.0,13.07,79,65.0,71.5,178.6,0%,1.8%
ppr,162,Tyreek Hill,UNS,WR,WR63,Tyreek Hill UNS(18),18,2.0,4.0,13.08,92,95.0,50.5,176.2,0%,-
ppr,163,Jalen Coker,CAR,WR,WR64,Jalen Coker CAR(5),5,2.0,4.0,12.12,92,90.0,82.8,153.6,0%,-1.3%
ppr,164,Jake Bates,DET,K,K6,Jake Bates DET(6),6,2.0,2.0,28.11,150,152.0,146.6,175.0,0%,4.2%
ppr,165,Cameron Ward,TEN,QB,QB24,Cameron Ward TEN(9),9,1.0,0.0,14.03,262,238.0,256.4,397.7,0%,6.3%
ppr,166,Cairo Santos,CHI,K,K7,Cairo Santos CHI(10),10,1.0,1.0,30.07,151,146.0,142.2,174.0,0%,-1.1%
ppr,167,Eddy Pineiro,SF,K,K8,Eddy Pineiro SF(8),8,1.0,1.0,26.03,151,147.0,143.7,172.5,0%,2%
ppr,168,Harrison Mevis,LAR,K,K9,Harrison Mevis LAR(11),11,1.0,1.0,30.08,150,153.0,145.1,175.0,0%,0.7%
ppr,169,Adonai Mitchell,NYJ,WR,WR65,Adonai Mitchell NYJ(13),13,1.0,1.0,18.11,85,57.0,78.6,166.6,0%,-1%
ppr,170,Keaton Mitchell,LAC,RB,RB53,Keaton Mitchell LAC(7),7,1.0,1.0,14.05,79,55.0,71.3,170.3,0%,0.6%
ppr,171,Trey Smack,GB,K,K10,Trey Smack GB(11),11,1.0,1.0,,150,,143.6,175.0,0%,0.6%
ppr,172,Oronde Gadsden II,LAC,TE,TE20,Oronde Gadsden II LAC(7),7,1.0,1.0,7.05,82,78.0,78.5,125.9,0%,-2.6%
ppr,173,Sam Darnold,SEA,QB,QB25,Sam Darnold SEA(11),11,1.0,0.0,14.06,261,255.0,258.1,391.1,0%,0.4%
ppr,174,Tre Tucker,LVR,WR,WR66,Tre Tucker LVR(13),13,1.0,1.0,19.06,90,76.0,78.2,152.7,0%,-5%
ppr,175,Jauan Jennings,MIN,WR,WR67,Jauan Jennings MIN(6),6,1.0,1.0,10.1,84,79.0,74.3,164.7,0%,4.9%
ppr,176,Wil Lutz,DEN,K,K11,Wil Lutz DEN(10),10,1.0,1.0,26.07,148,146.0,144.9,171.6,0%,-3.5%
ppr,177,Germie Bernard,PIT,WR,WR68,Germie Bernard PIT(9),9,1.0,1.0,17.04,86,62.0,75.7,156.6,0%,-2.6%
ppr,178,Aaron Rodgers,PIT,QB,QB26,Aaron Rodgers PIT(9),9,1.0,0.0,24.07,259,215.0,254.3,386.6,0%,-2.1%
ppr,179,Harrison Butker,KC,K,K12,Harrison Butker KC(5),5,1.0,1.0,23.06,148,145.0,144.8,170.0,0%,0.1%
ppr,180,Charlie Smyth,NO,K,K13,Charlie Smyth NO(8),8,1.0,1.0,,148,,143.5,170.1,0%,4.4%
ppr,181,Dalton Schultz,HOU,TE,TE21,Dalton Schultz HOU(8),8,1.0,1.0,12.05,86,76.0,79.3,106.0,0%,0.5%
ppr,182,Chigoziem Okonkwo,WAS,TE,TE22,Chigoziem Okonkwo WAS(7),7,1.0,1.0,13.04,81,67.0,78.5,117.3,0%,-3%
ppr,183,Jerry Jeudy,CLE,WR,WR69,Jerry Jeudy CLE(11),11,1.0,1.0,14.01,85,75.0,73.3,153.4,0%,4.3%
ppr,184,T.J. Hockenson,MIN,TE,TE23,T.J. Hockenson MIN(6),6,1.0,1.0,13.02,84,76.0,77.2,109.1,0%,2%
ppr,185,Jonah Coleman,DEN,RB,RB54,Jonah Coleman DEN(10),10,1.0,1.0,12.08,61,31.0,53.9,180.5,0%,0.1%
ppr,186,Sean Tucker,TB,RB,RB55,Sean Tucker TB(10),10,1.0,1.0,17.02,62,38.0,56.8,175.9,0%,-2.2%
ppr,187,Mike Washington Jr.,LVR,RB,RB56,Mike Washington Jr. LVR(13),13,1.0,1.0,14.04,60,47.0,50.7,181.2,0%,-3.1%
ppr,188,Chris Boswell,PIT,K,K14,Chris Boswell PIT(9),9,1.0,1.0,25.02,146,142.0,142.9,170.6,0%,-2.9%
ppr,189,Keenan Allen,UNS,WR,WR70,Keenan Allen UNS(18),18,1.0,1.0,20.01,91,57.0,67.3,141.0,0%,-
ppr,190,Nick Chubb,UNS,RB,RB57,Nick Chubb UNS(18),18,1.0,1.0,23.01,70,23.0,49.1,154.5,0%,-
ppr,191,Emanuel Wilson,SEA,RB,RB58,Emanuel Wilson SEA(11),11,1.0,1.0,19.04,61,39.0,49.0,171.4,0%,5.6%
ppr,192,Braelon Allen,NYJ,RB,RB59,Braelon Allen NYJ(13),13,1.0,1.0,16.01,58,63.0,55.0,173.7,0%,-2.5%
ppr,193,Andres Borregales,NE,K,K15,Andres Borregales NE(11),11,1.0,1.0,32.07,146,148.0,141.8,168.1,0%,0.2%
ppr,194,Joe Mixon,UNS,RB,RB60,Joe Mixon UNS(18),18,1.0,1.0,16.11,69,23.0,41.3,154.9,0%,-
ppr,195,Najee Harris,UNS,RB,RB61,Najee Harris UNS(18),18,1.0,1.0,19.03,69,30.0,44.9,151.8,0%,-
ppr,196,Kayshon Boutte,NE,WR,WR71,Kayshon Boutte NE(11),11,1.0,1.0,18.01,80,71.0,71.6,155.9,0%,-2.5%
ppr,197,Jason Myers,SEA,K,K16,Jason Myers SEA(11),11,1.0,1.0,22.03,145,163.0,142.3,167.0,0%,1%
ppr,198,James Conner,ARI,RB,RB62,James Conner ARI(14),14,1.0,1.0,12.09,68,33.0,56.3,135.7,0%,0.1%
ppr,199,Pat Freiermuth,PIT,TE,TE24,Pat Freiermuth PIT(9),9,1.0,1.0,18.02,78,78.0,70.5,112.9,0%,3%
ppr,200,Samaje Perine,CIN,RB,RB63,Samaje Perine CIN(6),6,1.0,1.0,53.06,69,54.0,58.5,130.8,0%,-4%
ppr,201,Darnell Mooney,NYG,WR,WR72,Darnell Mooney NYG(8),8,1.0,1.0,17.08,80,55.0,72.4,148.9,0%,3.7%
ppr,202,Chase McLaughlin,TB,K,K17,Chase McLaughlin TB(10),10,1.0,1.0,21.02,145,144.0,140.2,167.6,0%,5%
ppr,203,Tre Harris,LAC,WR,WR73,Tre Harris LAC(7),7,1.0,1.0,18.04,77,54.0,69.0,157.9,0%,-2.6%
ppr,204,Jaydon Blue,DAL,RB,RB64,Jaydon Blue DAL(14),14,1.0,1.0,17.09,56,44.0,47.4,161.7,0%,2.9%
ppr,205,MarShawn Lloyd,GB,RB,RB65,MarShawn Lloyd GB(11),11,1.0,1.0,47.06,53,27.0,42.6,170.3,0%,-2.2%
ppr,206,Jalen Nailor,LVR,WR,WR74,Jalen Nailor LVR(13),13,1.0,1.0,17.03,81,71.0,71.0,147.6,0%,-5%
ppr,207,Emmett Johnson,KC,RB,RB66,Emmett Johnson KC(5),5,1.0,1.0,13.06,56,30.0,46.8,158.7,0%,0.6%
ppr,208,Will Reichard,MIN,K,K18,Will Reichard MIN(6),6,1.0,1.0,30.1,143,142.0,139.9,168.5,0%,1%
ppr,209,Jake Elliott,PHI,K,K19,Jake Elliott PHI(10),10,1.0,1.0,28.1,145,136.0,140.2,164.7,0%,-0.9%
ppr,210,Kareem Hunt,UNS,RB,RB67,Kareem Hunt UNS(18),18,1.0,1.0,46.05,63,21.0,44.4,136.3,0%,-
ppr,211,Jacoby Brissett,ARI,QB,QB27,Jacoby Brissett ARI(14),14,1.0,1.0,23.12,248,252.0,235.8,384.8,0%,-1.2%
ppr,212,Jaylin Noel,HOU,WR,WR75,Jaylin Noel HOU(8),8,1.0,1.0,19.11,76,34.0,68.4,153.5,0%,4.4%
ppr,213,Darius Slayton,NYG,WR,WR76,Darius Slayton NYG(8),8,1.0,1.0,43.1,76,54.0,68.7,152.6,0%,3.7%
ppr,214,Jaylen Wright,MIA,RB,RB68,Jaylen Wright MIA(6),6,1.0,1.0,17.06,50,37.0,42.3,161.9,0%,0.8%
ppr,215,Bryce Young,CAR,QB,QB28,Bryce Young CAR(5),5,1.0,1.0,15.02,243,235.0,240.1,390.5,0%,-0.8%
ppr,216,Trey Benson,ARI,RB,RB69,Trey Benson ARI(14),14,1.0,1.0,15.12,55,34.0,47.6,144.0,0%,0.1%
ppr,217,Tank Bigsby,PHI,RB,RB70,Tank Bigsby PHI(10),10,1.0,1.0,15.01,45,55.0,42.8,166.7,0%,4.4%
ppr,218,AJ Barner,SEA,TE,TE25,AJ Barner SEA(11),11,1.0,1.0,13.03,74,65.0,71.4,112.6,0%,-0.1%
ppr,219,Tyler Bass,BUF,K,K20,Tyler Bass BUF(7),7,1.0,1.0,20.02,143,141.0,138.5,164.2,0%,-1.6%
ppr,220,Jake Moody,WAS,K,K21,Jake Moody WAS(7),7,1.0,1.0,78.07,141,134.0,138.3,167.9,0%,-1.4%
ppr,221,Cade Otton,TB,TE,TE26,Cade Otton TB(10),10,1.0,1.0,15.07,77,66.0,73.6,102.0,0%,-2.8%
ppr,222,Justice Hill,BAL,RB,RB71,Justice Hill BAL(13),13,1.0,1.0,45.1,60,57.0,55.8,120.0,0%,-0.1%
ppr,223,Nicholas Singleton,TEN,RB,RB72,Nicholas Singleton TEN(9),9,1.0,1.0,15.1,44,29.0,37.1,163.8,0%,2.9%
ppr,224,Rashod Bateman,BAL,WR,WR77,Rashod Bateman BAL(13),13,1.0,1.0,18.09,73,76.0,64.6,154.2,0%,-0.3%
ppr,225,David Njoku,LAC,TE,TE27,David Njoku LAC(7),7,1.0,1.0,11.07,69,52.0,66.6,119.3,0%,-2.6%
ppr,226,Geno Smith,NYJ,QB,QB29,Geno Smith NYJ(13),13,1.0,1.0,25.09,241,243.0,231.4,390.6,0%,-4.4%
ppr,227,Cooper Kupp,SEA,WR,WR78,Cooper Kupp SEA(11),11,1.0,6.0,16.05,75,61.0,67.8,146.9,0%,-0.1%
ppr,228,Deshaun Watson,CLE,QB,QB30,Deshaun Watson CLE(11),11,1.0,1.0,72.08,221,87.0,129.2,272.0,0%,5.4%
ppr,229,Fernando Mendoza,LVR,QB,QB31,Fernando Mendoza LVR(13),13,1.0,1.0,14.1,238,245.0,232.8,391.9,0%,-6.2%
ppr,230,George Holani,SEA,RB,RB73,George Holani SEA(11),11,0.0,0.0,27.1,41,23.0,32.6,101.7,0%,5.6%
ppr,231,Jordan James,SF,RB,RB74,Jordan James SF(8),8,1.0,1.0,54.05,43,51.0,38.7,150.5,0%,0.7%
ppr,232,Jack Bech,LVR,WR,WR79,Jack Bech LVR(13),13,1.0,1.0,23.02,71,52.0,62.7,153.1,0%,-5%
ppr,233,Ollie Gordon II,MIA,RB,RB75,Ollie Gordon II MIA(6),6,1.0,1.0,20.03,40,18.0,38.4,153.7,0%,0.8%
ppr,234,Ty Johnson,BUF,RB,RB76,Ty Johnson BUF(7),7,1.0,1.0,46.07,58,53.0,49.7,108.2,0%,-4.2%
ppr,235,Kaelon Black,SF,RB,RB77,Kaelon Black SF(8),8,1.0,1.0,26.02,41,48.0,36.9,151.6,0%,0.7%
ppr,236,Isaiah Davis,NYJ,RB,RB78,Isaiah Davis NYJ(13),13,1.0,1.0,48.09,52,33.0,49.0,121.3,0%,-2.5%
ppr,237,Brashard Smith,KC,RB,RB79,Brashard Smith KC(5),5,1.0,1.0,23.08,49,33.0,40.5,128.6,0%,0.6%
ppr,238,Gunnar Helm,TEN,TE,TE28,Gunnar Helm TEN(9),9,1.0,1.0,15.04,72,64.0,68.1,104.3,0%,4.1%
ppr,239,Tyquan Thornton,KC,WR,WR80,Tyquan Thornton KC(5),5,1.0,1.0,44.08,68,62.0,58.9,157.4,0%,-2.6%
ppr,240,Jason Sanders,NYG,K,K22,Jason Sanders NYG(8),8,1.0,1.0,72.03,139,142.0,136.6,164.5,0%,0.2%
ppr,241,Austin Ekeler,UNS,RB,RB80,Austin Ekeler UNS(18),18,1.0,6.0,22.09,50,24.0,37.5,125.0,0%,-
ppr,242,Zachariah Branch,ATL,WR,WR81,Zachariah Branch ATL(11),11,1.0,1.0,18.07,70,36.0,60.0,152.1,0%,0.4%
ppr,243,Kendre Miller,NO,RB,RB81,Kendre Miller NO(8),8,1.0,1.0,20.04,41,18.0,32.6,142.8,0%,1.8%
ppr,244,Travis Hunter,JAC,WR,WR82,Travis Hunter JAC(7),7,1.0,3.0,13.09,59,60.0,54.6,175.0,0%,4%
ppr,245,Antonio Williams,WAS,WR,WR83,Antonio Williams WAS(7),7,1.0,1.0,15.03,69,73.0,63.1,149.6,0%,-2.4%
ppr,246,Colby Parkinson,LAR,TE,TE29,Colby Parkinson LAR(11),11,1.0,1.0,18.08,67,52.0,58.6,115.8,0%,-2.2%
ppr,247,Antonio Gibson,UNS,RB,RB82,Antonio Gibson UNS(18),18,1.0,1.0,49.1,54,2.0,34.9,107.4,0%,-
ppr,248,Ryan Fitzgerald,CAR,K,K23,Ryan Fitzgerald CAR(5),5,1.0,1.0,,139,,133.8,161.7,0%,3.2%
ppr,249,Evan McPherson,CIN,K,K24,Evan McPherson CIN(6),6,1.0,2.0,19.02,136,148.0,135.0,166.4,0%,0.7%
ppr,250,LeQuint Allen,JAC,RB,RB83,LeQuint Allen JAC(7),7,1.0,1.0,73.08,47,22.0,42.9,111.8,0%,0.9%
ppr,251,Demond Claiborne,MIN,RB,RB84,Demond Claiborne MIN(6),6,1.0,1.0,20.1,36,23.0,30.8,137.8,0%,-0.1%
ppr,252,De'Zhaun Stribling,SF,WR,WR84,De'Zhaun Stribling SF(8),8,1.0,1.0,16.08,65,51.0,58.2,153.8,0%,-3.2%
ppr,253,Christopher Brooks,GB,RB,RB85,Christopher Brooks GB(11),11,1.0,1.0,74.03,39,37.0,35.1,126.8,0%,-2.2%
ppr,254,Devin Singletary,NYG,RB,RB86,Devin Singletary NYG(8),8,1.0,1.0,55.07,41,17.0,36.6,121.9,0%,2.2%
ppr,255,Pat Bryant,DEN,WR,WR85,Pat Bryant DEN(10),10,1.0,1.0,18.03,68,39.0,60.4,145.8,0%,-2.5%
ppr,256,Ryan Flournoy,DAL,WR,WR86,Ryan Flournoy DAL(14),14,1.0,1.0,18.12,71,58.0,60.4,138.6,0%,-0.7%
ppr,257,Kimani Vidal,LAC,RB,RB87,Kimani Vidal LAC(7),7,1.0,1.0,17.11,42,44.0,38.8,113.8,0%,0.6%
ppr,258,Kaleb Johnson,PIT,RB,RB88,Kaleb Johnson PIT(9),9,1.0,5.0,16.09,33,14.0,29.2,135.9,0%,-2.1%
ppr,259,Alexander Mattison,UNS,RB,RB89,Alexander Mattison UNS(18),18,1.0,1.0,53.1,43,0.0,36.7,108.0,0%,-
ppr,260,Ray Davis,BUF,RB,RB90,Ray Davis BUF(7),7,1.0,1.0,17.01,36,39.0,26.6,127.9,0%,-4.2%
ppr,261,Keon Coleman,BUF,WR,WR87,Keon Coleman BUF(7),7,1.0,5.0,19.05,64,32.0,54.2,153.0,0%,0.7%
ppr,262,Terrance Ferguson,LAR,TE,TE30,Terrance Ferguson LAR(11),11,1.0,1.0,16.12,61,59.0,53.3,122.9,0%,-2.2%
ppr,263,Mike Gesicki,CIN,TE,TE31,Mike Gesicki CIN(6),6,1.0,5.0,27.04,68,61.0,59.7,103.8,0%,3.5%
ppr,264,Isaac TeSlaa,DET,WR,WR88,Isaac TeSlaa DET(6),6,1.0,1.0,17.12,64,64.0,56.4,150.6,0%,-1%
ppr,265,Nick Folk,ATL,K,K25,Nick Folk ATL(11),11,1.0,1.0,69.11,136,142.0,133.3,161.8,0%,1.8%
ppr,266,Miles Sanders,UNS,RB,RB91,Miles Sanders UNS(18),18,1.0,1.0,54.11,42,53.0,37.0,103.7,0%,-
ppr,267,Dontayvion Wicks,PHI,WR,WR89,Dontayvion Wicks PHI(10),10,1.0,1.0,24.02,64,42.0,56.5,147.8,0%,6.6%
ppr,268,DJ Giddens,IND,RB,RB92,DJ Giddens IND(13),13,1.0,1.0,50.02,35,30.0,31.1,117.3,0%,1.7%
ppr,269,Adam Randall,BAL,RB,RB93,Adam Randall BAL(13),13,1.0,1.0,,33,,28.2,122.7,0%,-0.1%
ppr,270,Devaughn Vele,NO,WR,WR90,Devaughn Vele NO(8),8,1.0,1.0,22.04,71,52.0,61.0,127.6,0%,0.9%
ppr,271,Troy Franklin,DEN,WR,WR91,Troy Franklin DEN(10),10,1.0,1.0,18.1,63,59.0,56.3,147.0,0%,-2.5%
ppr,272,Tory Horton,SEA,WR,WR92,Tory Horton SEA(11),11,1.0,1.0,19.1,63,53.0,54.5,145.8,0%,-0.1%
ppr,273,KaVontae Turpin,DAL,WR,WR93,KaVontae Turpin DAL(14),14,1.0,1.0,40.09,66,43.0,58.6,138.2,0%,-0.7%
ppr,274,Jerome Ford,WAS,RB,RB94,Jerome Ford WAS(7),7,1.0,1.0,26.01,34,21.0,28.2,108.8,0%,4.2%
ppr,275,Darnell Washington,PIT,TE,TE32,Darnell Washington PIT(9),9,1.0,1.0,26.12,61,50.0,54.9,109.9,0%,3%
ppr,276,Isaac Guerendo,SF,RB,RB95,Isaac Guerendo SF(8),8,1.0,1.0,50.01,30,20.0,26.7,106.2,0%,0.7%
ppr,277,Joey Slye,TEN,K,K26,Joey Slye TEN(9),9,1.0,1.0,70.11,134,127.0,130.3,158.5,0%,1.6%
ppr,278,Ja'Kobi Lane,BAL,WR,WR94,Ja'Kobi Lane BAL(13),13,1.0,1.0,21.11,60,53.0,52.8,147.0,0%,-0.3%
ppr,279,Greg Dulcich,MIA,TE,TE33,Greg Dulcich MIA(6),6,1.0,1.0,55.02,59,60.0,53.2,112.4,0%,-3.2%
ppr,280,Chris Brazzell II,CAR,WR,WR95,Chris Brazzell II CAR(5),5,1.0,1.0,19.07,58,43.0,50.9,150.3,0%,-1.3%
ppr,281,Jeremy McNichols,WAS,RB,RB96,Jeremy McNichols WAS(7),7,1.0,1.0,48.01,33,13.0,29.4,89.8,0%,4.2%
ppr,282,Seth McGowan,IND,RB,RB97,Seth McGowan IND(13),13,1.0,1.0,47.11,27,24.0,22.7,106.8,0%,1.7%
ppr,283,Phil Mafah,DAL,RB,RB98,Phil Mafah DAL(14),14,1.0,1.0,47.09,26,10.0,24.2,105.4,0%,2.9%
ppr,284,Nathaniel Dell,HOU,WR,WR96,Nathaniel Dell HOU(8),8,1.0,1.0,16.03,56,68.0,39.4,157.6,0%,4.4%
ppr,285,Trevor Etienne,CAR,RB,RB99,Trevor Etienne CAR(5),5,1.0,1.0,50.06,30,14.0,26.6,90.2,0%,-6%
ppr,286,Kendrick Bourne,ARI,WR,WR97,Kendrick Bourne ARI(14),14,1.0,1.0,63.12,63,33.0,53.4,132.0,0%,-0.8%
ppr,287,Elijah Sarratt,BAL,WR,WR98,Elijah Sarratt BAL(13),13,1.0,1.0,21.09,56,44.0,50.8,146.7,0%,-0.3%
ppr,288,Eli Heidenreich,PIT,RB,RB100,Eli Heidenreich PIT(9),9,1.0,1.0,,27,,22.8,94.0,0%,-2.1%
ppr,289,Jarquez Hunter,LAR,RB,RB101,Jarquez Hunter LAR(11),11,1.0,1.0,20.08,22,11.0,19.1,105.5,0%,6.4%
ppr,290,Andre Szmyt,CLE,K,K27,Andre Szmyt CLE(11),11,1.0,1.0,,133,,128.6,156.5,0%,4.5%
ppr,291,Jamarion Miller,NE,RB,RB102,Jamarion Miller NE(11),11,1.0,1.0,48.05,24,22.0,20.8,98.1,0%,-1.9%
ppr,292,Matt Gay,LVR,K,K28,Matt Gay LVR(13),13,1.0,1.0,70.04,133,138.0,129.9,155.1,0%,-0.3%
ppr,293,Will Shipley,PHI,RB,RB103,Will Shipley PHI(10),10,1.0,1.0,55.09,25,15.0,23.4,91.2,0%,4.4%
ppr,294,Kyle Juszczyk,SF,RB,RB104,Kyle Juszczyk SF(8),8,1.0,1.0,57.01,34,17.0,30.3,67.3,0%,0.7%
ppr,295,Darren Waller,UNS,TE,TE34,Darren Waller UNS(18),18,1.0,4.0,68.03,60,54.0,41.9,107.7,0%,-
ppr,296,Ty Chandler,NO,RB,RB105,Ty Chandler NO(8),8,1.0,1.0,49.04,30,12.0,23.8,74.4,0%,1.8%
ppr,297,Marvin Mims Jr.,DEN,WR,WR99,Marvin Mims Jr. DEN(10),10,1.0,2.0,19.09,61,38.0,54.8,129.0,0%,-2.5%
ppr,298,Evan Engram,DEN,TE,TE35,Evan Engram DEN(10),10,1.0,7.0,20.07,59,45.0,54.3,99.1,0%,-1%
ppr,299,Devin Neal,NO,RB,RB106,Devin Neal NO(8),8,1.0,1.0,21.03,29,23.0,24.7,73.5,0%,1.8%
ppr,300,Emari Demercado,KC,RB,RB107,Emari Demercado KC(5),5,1.0,1.0,26.04,28,34.0,23.4,77.1,0%,0.6%
ppr,301,Elijah Arroyo,SEA,TE,TE36,Elijah Arroyo SEA(11),11,1.0,1.0,27.02,51,34.0,47.2,118.1,0%,-0.1%
ppr,302,Michael Penix Jr.,ATL,QB,QB32,Michael Penix Jr. ATL(11),11,1.0,1.0,21.07,213,120.0,124.8,230.5,0%,1.7%
ppr,303,Jahan Dotson,ATL,WR,WR100,Jahan Dotson ATL(11),11,1.0,1.0,33.01,61,37.0,52.4,128.0,0%,0.4%
ppr,304,Andrei Iosivas,CIN,WR,WR101,Andrei Iosivas CIN(6),6,1.0,1.0,28.06,59,52.0,52.8,132.0,0%,4%
ppr,305,Raheim Sanders,CLE,RB,RB108,Raheim Sanders CLE(11),11,1.0,1.0,55.01,19,12.0,16.5,93.6,0%,0.6%
ppr,306,Tua Tagovailoa,ATL,QB,QB33,Tua Tagovailoa ATL(11),11,1.0,1.0,26.05,209,138.0,109.7,212.7,0%,1.7%
ppr,307,Jaydn Ott,KC,RB,RB109,Jaydn Ott KC(5),5,1.0,1.0,53.02,19,8.0,15.4,90.8,0%,0.6%
ppr,308,Audric Estime,NO,RB,RB110,Audric Estime NO(8),8,1.0,1.0,20.05,25,20.0,22.3,73.5,0%,1.8%
ppr,309,Joshua Palmer,BUF,WR,WR102,Joshua Palmer BUF(7),7,1.0,2.0,38.09,56,37.0,51.8,135.0,0%,0.7%
ppr,310,Cade York,NYJ,K,K29,Cade York NYJ(13),13,1.0,1.0,72.01,131,125.0,128.3,153.2,0%,-1.2%
ppr,311,Tyler Goodson,ATL,RB,RB111,Tyler Goodson ATL(11),11,1.0,1.0,49.12,17,3.0,14.8,84.2,0%,-3.2%
ppr,312,Kenny McIntosh,SEA,RB,RB112,Kenny McIntosh SEA(11),11,1.0,1.0,48.02,18,3.0,16.4,72.9,0%,5.6%
ppr,313,Roschon Johnson,CHI,RB,RB113,Roschon Johnson CHI(10),10,1.0,1.0,46.09,15,10.0,13.3,81.3,0%,-3.6%
ppr,314,Robert Henry Jr.,WAS,RB,RB114,Robert Henry Jr. WAS(7),7,1.0,1.0,,17,,12.3,76.3,0%,4.2%
ppr,315,Tahj Brooks,CIN,RB,RB115,Tahj Brooks CIN(6),6,1.0,1.0,74.04,16,21.0,14.1,78.2,0%,-4%
ppr,316,Roman Hemby,LVR,RB,RB116,Roman Hemby LVR(13),13,1.0,1.0,46.04,17,,13.9,73.7,0%,-3.1%
ppr,317,Jonnu Smith,UNS,TE,TE37,Jonnu Smith UNS(18),18,1.0,6.0,24.04,53,37.0,40.0,106.8,0%,-
ppr,318,Chris Bell,MIA,WR,WR103,Chris Bell MIA(6),6,1.0,1.0,19.08,48,70.0,40.5,150.0,0%,-1.2%
ppr,319,Michael Carter,TEN,RB,RB117,Michael Carter TEN(9),9,1.0,1.0,49.02,24,5.0,21.0,53.1,0%,2.9%
ppr,320,Jawhar Jordan,HOU,RB,RB118,Jawhar Jordan HOU(8),8,1.0,1.0,47.08,21,32.0,18.7,62.2,0%,2%
ppr,321,Eli Stowers,PHI,TE,TE38,Eli Stowers PHI(10),10,1.0,1.0,15.09,48,36.0,42.0,114.6,0%,7.1%
ppr,322,Zane Gonzalez,MIA,K,K30,Zane Gonzalez MIA(6),6,1.0,1.0,71.1,127,136.0,126.1,152.9,0%,1.6%
ppr,323,Noah Whittington,HOU,RB,RB119,Noah Whittington HOU(8),8,1.0,1.0,52.05,16,0.0,12.9,63.8,0%,2%
ppr,324,J'Mari Taylor,JAC,RB,RB120,J'Mari Taylor JAC(7),7,1.0,1.0,52.12,16,26.0,12.5,65.7,0%,0.9%
ppr,325,Malik Washington,MIA,WR,WR104,Malik Washington MIA(6),6,1.0,1.0,25.06,55,50.0,51.5,123.2,0%,-1.2%
ppr,326,Olamide Zaccheaus,ATL,WR,WR105,Olamide Zaccheaus ATL(11),11,1.0,1.0,40.05,56,49.0,48.3,121.4,0%,0.4%
ppr,327,Christian Kirk,SF,WR,WR106,Christian Kirk SF(8),8,1.0,3.0,19.12,53,53.0,46.9,127.9,0%,-3.2%
ppr,328,Shedeur Sanders,CLE,QB,QB34,Shedeur Sanders CLE(11),11,1.0,1.0,17.07,199,106.0,77.4,163.0,0%,5.4%
ppr,329,Michael Mayer,LVR,TE,TE39,Michael Mayer LVR(13),13,1.0,1.0,26.08,50,41.0,45.5,104.0,0%,-1%
ppr,330,Rasheen Ali,BAL,RB,RB121,Rasheen Ali BAL(13),13,1.0,1.0,26.1,13,26.0,11.6,64.6,0%,-0.1%
ppr,331,Tyler Badie,DEN,RB,RB122,Tyler Badie DEN(10),10,1.0,1.0,72.05,15,13.0,13.8,53.6,0%,0.1%
ppr,332,Kalel Mullings,TEN,RB,RB123,Kalel Mullings TEN(9),9,1.0,1.0,53.11,13,4.0,11.0,58.1,0%,2.9%
ppr,333,Kyle Williams,NE,WR,WR107,Kyle Williams NE(11),11,1.0,1.0,22.07,49,29.0,44.6,132.2,0%,-2.5%
ppr,334,DeAndre Hopkins,UNS,WR,WR108,DeAndre Hopkins UNS(18),18,1.0,1.0,29.07,54,2.0,42.8,123.2,0%,-
ppr,335,Caleb Douglas,MIA,WR,WR109,Caleb Douglas MIA(6),6,1.0,1.0,,48,,43.3,132.3,0%,-1.2%
ppr,336,CJ Donaldson,NO,RB,RB124,CJ Donaldson NO(8),8,1.0,1.0,50.04,10,,9.0,55.2,0%,1.8%
ppr,337,Desmond Reid,BUF,RB,RB125,Desmond Reid BUF(7),7,1.0,1.0,54.09,11,21.0,9.6,53.0,0%,-4.2%
ppr,338,Carson Beck,ARI,QB,QB35,Carson Beck ARI(14),14,1.0,1.0,76.09,193,22.0,53.1,112.2,0%,-1.2%
ppr,339,Jaleel McLaughlin,DEN,RB,RB126,Jaleel McLaughlin DEN(10),10,1.0,1.0,48.03,13,6.0,12.8,40.3,0%,0.1%
ppr,340,Ted Hurst,TB,WR,WR110,Ted Hurst TB(10),10,1.0,1.0,20.12,47,44.0,40.0,131.9,0%,2.6%
ppr,341,Jaylin Lane,WAS,WR,WR111,Jaylin Lane WAS(7),7,1.0,1.0,34.01,45,30.0,40.2,136.3,0%,-2.4%
ppr,342,Jamal Haynes,CIN,RB,RB127,Jamal Haynes CIN(6),6,1.0,1.0,,9,,7.5,48.6,0%,-4%
ppr,343,Taysom Hill,UNS,TE,TE40,Taysom Hill UNS(18),18,1.0,1.0,25.1,40,6.0,32.4,117.3,0%,-
ppr,344,Chip Trayanum,NYJ,RB,RB128,Chip Trayanum NYJ(13),13,1.0,1.0,,9,8.0,7.8,43.3,0%,-2.5%
ppr,345,Mack Hollins,NE,WR,WR112,Mack Hollins NE(11),11,1.0,1.0,29.05,49,53.0,44.4,120.8,0%,-2.5%
ppr,346,Dawson Knox,BUF,TE,TE41,Dawson Knox BUF(7),7,1.0,1.0,27.05,44,44.0,42.2,102.1,0%,-1.4%
ppr,347,Nick Westbrook-Ikhine,IND,WR,WR113,Nick Westbrook-Ikhine IND(13),13,1.0,1.0,41.1,48,46.0,42.5,120.7,0%,-0.8%
ppr,348,Tutu Atwell,MIA,WR,WR114,Tutu Atwell MIA(6),6,1.0,1.0,61.11,46,25.0,42.0,125.7,0%,-1.2%
ppr,349,Kirk Cousins,LVR,QB,QB36,Kirk Cousins LVR(13),13,1.0,1.0,76.06,192,39.0,52.0,106.2,0%,-6.2%
ppr,350,JuJu Smith-Schuster,UNS,WR,WR115,JuJu Smith-Schuster UNS(18),18,1.0,1.0,44.04,52,20.0,41.2,113.3,0%,-
ppr,351,Jaret Patterson,LAC,RB,RB129,Jaret Patterson LAC(7),7,1.0,1.0,53.03,7,10.0,6.4,32.9,0%,0.6%
ppr,352,Marquise Brown,PHI,WR,WR116,Marquise Brown PHI(10),10,1.0,3.0,25.05,46,44.0,41.9,123.0,0%,6.6%
ppr,353,Cole Kmet,CHI,TE,TE42,Cole Kmet CHI(10),10,1.0,1.0,59.04,42,41.0,40.3,99.8,0%,-3.6%
ppr,354,Curtis Samuel,UNS,WR,WR117,Curtis Samuel UNS(18),18,1.0,1.0,42.11,51,3.0,40.9,110.0,0%,-
ppr,355,Zavion Thomas,CHI,WR,WR118,Zavion Thomas CHI(10),10,1.0,1.0,44.07,43,12.0,36.8,127.8,0%,-2.5%
ppr,356,Ashton Dulin,IND,WR,WR119,Ashton Dulin IND(13),13,1.0,1.0,33.05,43,36.0,38.9,125.2,0%,-0.8%
ppr,357,Dyami Brown,WAS,WR,WR120,Dyami Brown WAS(7),7,1.0,1.0,31.07,43,35.0,37.0,124.7,0%,-2.4%
ppr,358,Malachi Fields,NYG,WR,WR121,Malachi Fields NYG(8),8,1.0,1.0,19.01,40,32.0,34.2,130.7,0%,3.7%
ppr,359,Luke McCaffrey,WAS,WR,WR122,Luke McCaffrey WAS(7),7,1.0,1.0,36.02,41,25.0,39.1,125.5,0%,-2.4%
ppr,360,Kalif Raymond,CHI,WR,WR123,Kalif Raymond CHI(10),10,1.0,1.0,37.08,45,29.0,41.6,113.0,0%,-2.5%
ppr,361,Demario Douglas,NE,WR,WR124,Demario Douglas NE(11),11,1.0,1.0,25.01,42,47.0,40.2,118.5,0%,-2.5%
ppr,362,Brenen Thompson,LAC,WR,WR125,Brenen Thompson LAC(7),7,1.0,1.0,44.09,39,16.0,35.5,126.2,0%,-2.6%
ppr,363,Bryce Lance,NO,WR,WR126,Bryce Lance NO(8),8,1.0,1.0,35.04,38,16.0,34.3,127.6,0%,0.9%
ppr,364,Malik Davis,DAL,RB,RB130,Malik Davis DAL(14),14,1.0,1.0,48.08,2,34.0,2.0,5.9,0%,2.9%
ppr,365,Noah Brown,UNS,WR,WR127,Noah Brown UNS(18),18,1.0,1.0,32.03,44,15.0,37.7,110.9,0%,-
ppr,366,Treylon Burks,WAS,WR,WR128,Treylon Burks WAS(7),7,1.0,1.0,64.01,39,29.0,35.7,120.1,0%,-2.4%
ppr,367,Xavier Legette,CAR,WR,WR129,Xavier Legette CAR(5),5,1.0,2.0,27.11,39,36.0,37.3,117.8,0%,-1.3%
ppr,368,Max Klare,LAR,TE,TE43,Max Klare LAR(11),11,1.0,1.0,22.01,38,27.0,35.3,94.1,0%,-2.2%
ppr,369,Jalen Royals,KC,WR,WR130,Jalen Royals KC(5),5,1.0,1.0,42.12,35,21.0,31.5,129.4,0%,-2.6%
ppr,370,Mason Taylor,NYJ,TE,TE44,Mason Taylor NYJ(13),13,1.0,1.0,16.1,39,51.0,37.0,91.4,0%,-1.5%
ppr,371,Jalen Tolbert,MIA,WR,WR131,Jalen Tolbert MIA(6),6,1.0,1.0,44.11,40,36.0,35.9,115.5,0%,-1.2%
ppr,372,Ja'Tavion Sanders,CAR,TE,TE45,Ja'Tavion Sanders CAR(5),5,1.0,4.0,27.12,38,27.0,35.6,91.0,0%,0.3%
ppr,373,Calvin Austin III,NYG,WR,WR132,Calvin Austin III NYG(8),8,1.0,1.0,61.12,37,30.0,35.1,118.1,0%,3.7%
ppr,374,Erick All,CIN,TE,TE46,Erick All CIN(6),6,1.0,1.0,27.08,37,22.0,31.5,92.7,0%,3.5%
ppr,375,Tyler Higbee,LAR,TE,TE47,Tyler Higbee LAR(11),11,1.0,1.0,27.01,36,38.0,32.3,95.1,0%,-2.2%
ppr,376,Noah Gray,KC,TE,TE48,Noah Gray KC(5),5,1.0,1.0,57.11,38,28.0,38.0,83.7,0%,1.9%
ppr,377,Theo Johnson,NYG,TE,TE49,Theo Johnson NYG(8),8,1.0,4.0,18.06,36,43.0,33.8,90.0,0%,3.2%
ppr,378,Noah Fant,NO,TE,TE50,Noah Fant NO(8),8,1.0,1.0,56.07,35,27.0,32.4,91.5,0%,-0.1%
ppr,379,Elic Ayomanor,TEN,WR,WR133,Elic Ayomanor TEN(9),9,1.0,1.0,23.04,36,39.0,33.9,114.2,0%,5%
ppr,380,Sterling Shepard,UNS,WR,WR134,Sterling Shepard UNS(18),18,1.0,1.0,43.04,42,1.0,35.5,100.4,0%,-
ppr,381,Tyler Lockett,UNS,WR,WR135,Tyler Lockett UNS(18),18,1.0,1.0,35.06,40,18.0,32.2,102.7,0%,-
ppr,382,Jimmy Horn Jr.,CAR,WR,WR136,Jimmy Horn Jr. CAR(5),5,1.0,1.0,28.01,35,9.0,33.3,112.1,0%,-1.3%
ppr,383,Jordan Whittington,LAR,WR,WR137,Jordan Whittington LAR(11),11,1.0,1.0,42.1,35,25.0,32.9,111.0,0%,-3.1%
ppr,384,Chimere Dike,TEN,WR,WR138,Chimere Dike TEN(9),9,1.0,1.0,18.05,35,41.0,31.9,111.0,0%,5%
ppr,385,Isaiah Bond,CLE,WR,WR139,Isaiah Bond CLE(11),11,1.0,1.0,63.08,36,10.0,32.3,107.7,0%,4.3%
ppr,386,Mitchell Evans,CAR,TE,TE51,Mitchell Evans CAR(5),5,1.0,1.0,57.07,31,21.0,29.6,88.1,0%,0.3%
ppr,387,Eli Raridon,NE,TE,TE52,Eli Raridon NE(11),11,1.0,1.0,,30,,25.9,91.3,0%,-3.5%
ppr,388,Oscar Delp,NO,TE,TE53,Oscar Delp NO(8),8,1.0,1.0,28.02,30,11.0,25.4,92.8,0%,-0.1%
ppr,389,DJ Rogers,DAL,TE,TE54,DJ Rogers DAL(14),14,1.0,1.0,,31,,26.3,86.7,0%,-2.5%
ppr,390,Austin Hooper,ATL,TE,TE55,Austin Hooper ATL(11),11,1.0,1.0,58.1,34,24.0,31.0,77.4,0%,4.8%
ppr,391,Justin Joly,DEN,TE,TE56,Justin Joly DEN(10),10,1.0,1.0,59.12,27,21.0,23.3,94.4,0%,-1%
ppr,392,Tez Johnson,TB,WR,WR140,Tez Johnson TB(10),10,1.0,1.0,29.04,28,23.0,27.1,110.1,0%,2.6%
ppr,393,Skyler Bell,BUF,WR,WR141,Skyler Bell BUF(7),7,1.0,1.0,17.05,28,26.0,25.8,109.4,0%,0.7%
ppr,394,Savion Williams,GB,WR,WR142,Savion Williams GB(11),11,1.0,1.0,40.03,31,23.0,28.2,100.4,0%,1.3%
ppr,395,Hunter Renfrow,UNS,WR,WR143,Hunter Renfrow UNS(18),18,1.0,1.0,36.01,33,0.0,26.1,97.9,0%,-
ppr,396,Kendrick Law,DET,WR,WR144,Kendrick Law DET(6),6,1.0,1.0,,29,,25.9,104.4,0%,-1%
ppr,397,Xavier Hutchinson,HOU,WR,WR145,Xavier Hutchinson HOU(8),8,1.0,1.0,34.05,27,34.0,26.3,107.4,0%,4.4%
ppr,398,Nate Boerkircher,JAC,TE,TE57,Nate Boerkircher JAC(7),7,1.0,1.0,,27,,23.0,85.1,0%,2.5%
ppr,399,Charlie Kolar,LAC,TE,TE58,Charlie Kolar LAC(7),7,1.0,1.0,58.04,34,24.0,28.6,67.3,0%,-2.6%
ppr,400,Van Jefferson,WAS,WR,WR146,Van Jefferson WAS(7),7,1.0,1.0,33.08,31,36.0,27.5,94.9,0%,-2.4%
ppr,401,Graham Gano,UNS,K,K31,Graham Gano UNS(18),18,1.0,1.0,71.01,118,64.0,114.0,156.3,0%,-
ppr,402,Tommy Tremble,CAR,TE,TE59,Tommy Tremble CAR(5),5,1.0,1.0,62.04,26,25.0,23.6,84.3,0%,0.3%
ppr,403,Luke Musgrave,GB,TE,TE60,Luke Musgrave GB(11),11,1.0,1.0,24.1,23,27.0,22.3,90.4,0%,-3.3%
ppr,404,Demarcus Robinson,SF,WR,WR147,Demarcus Robinson SF(8),8,1.0,1.0,36.08,31,28.0,26.7,91.2,0%,-3.2%
ppr,405,Cedric Tillman,CLE,WR,WR148,Cedric Tillman CLE(11),11,1.0,2.0,45.04,31,24.0,29.8,89.5,0%,4.3%
ppr,406,Chad Ryland,ARI,K,K32,Chad Ryland ARI(14),14,1.0,1.0,77.06,107,126.0,103.4,147.1,0%,1.9%
ppr,407,Elijah Higgins,ARI,TE,TE61,Elijah Higgins ARI(14),14,1.0,1.0,59.02,28,20.0,26.3,77.6,0%,-3.6%
ppr,408,Will Dissly,UNS,TE,TE62,Will Dissly UNS(18),18,1.0,1.0,55.08,27,16.0,24.8,80.1,0%,-
ppr,409,Cade Stover,HOU,TE,TE63,Cade Stover HOU(8),8,1.0,1.0,28.04,27,12.0,24.0,80.1,0%,0.5%
ppr,410,KeAndre Lambert-Smith,LAC,WR,WR149,KeAndre Lambert-Smith LAC(7),7,1.0,1.0,35.05,26,11.0,23.0,102.0,0%,-2.6%
ppr,411,Reggie Virgil,ARI,WR,WR150,Reggie Virgil ARI(14),14,1.0,1.0,39.05,26,4.0,22.3,98.5,0%,-0.8%
ppr,412,Daniel Bellinger,TEN,TE,TE64,Daniel Bellinger TEN(9),9,1.0,1.0,56.01,26,25.0,23.9,75.4,0%,4.1%
ppr,413,Dont'e Thornton Jr.,LVR,WR,WR151,Dont'e Thornton Jr. LVR(13),13,1.0,1.0,44.1,25,19.0,22.3,99.0,0%,-5%
ppr,414,Tanner Koziol,JAC,TE,TE65,Tanner Koziol JAC(7),7,1.0,1.0,,21,,18.2,87.8,0%,2.5%
ppr,415,Jackson Hawes,BUF,TE,TE66,Jackson Hawes BUF(7),7,1.0,1.0,58.11,19,20.0,16.8,93.5,0%,-1.4%
ppr,416,Roman Wilson,PIT,WR,WR152,Roman Wilson PIT(9),9,1.0,1.0,40.08,28,25.0,24.8,88.1,0%,-2.6%
ppr,417,Greg Dortch,DET,WR,WR153,Greg Dortch DET(6),6,1.0,1.0,33.03,27,8.0,25.3,87.0,0%,-1%
ppr,418,Jonathan Mingo,DAL,WR,WR154,Jonathan Mingo DAL(14),14,1.0,1.0,38.03,26,8.0,22.6,91.0,0%,-0.7%
ppr,419,Colbie Young,CIN,WR,WR155,Colbie Young CIN(6),6,1.0,1.0,40.06,24,15.0,20.2,95.2,0%,4%
ppr,420,Cyrus Allen,KC,WR,WR156,Cyrus Allen KC(5),5,1.0,1.0,62.08,22,10.0,18.7,99.1,0%,-2.6%
ppr,421,Tanner Hudson,CIN,TE,TE67,Tanner Hudson CIN(6),6,1.0,1.0,58.07,24,11.0,21.7,72.4,0%,3.5%
ppr,422,Devontez Walker,BAL,WR,WR157,Devontez Walker BAL(13),13,1.0,1.0,41.07,23,23.0,19.9,95.0,0%,-0.3%
ppr,423,Marlin Klein,HOU,TE,TE68,Marlin Klein HOU(8),8,1.0,1.0,,24,,20.9,71.4,0%,0.5%
ppr,424,Sam Roush,CHI,TE,TE69,Sam Roush CHI(10),10,1.0,1.0,60.06,23,8.0,20.6,71.7,0%,-3.6%
ppr,425,Ben Sinnott,WAS,TE,TE70,Ben Sinnott WAS(7),7,1.0,1.0,27.07,22,18.0,20.8,72.9,0%,-3%
ppr,426,Jordan Watkins,SF,WR,WR158,Jordan Watkins SF(8),8,1.0,1.0,39.09,20,3.0,18.1,96.6,0%,-3.2%
ppr,427,Luke Schoonmaker,DAL,TE,TE71,Luke Schoonmaker DAL(14),14,1.0,1.0,67.01,21,13.0,20.2,74.4,0%,-2.5%
ppr,428,Jake Tonges,SF,TE,TE72,Jake Tonges SF(8),8,1.0,1.0,,27,,24.0,57.4,0%,-3.6%
ppr,429,John Metchie,CAR,WR,WR159,John Metchie CAR(5),5,1.0,1.0,34.11,24,61.0,23.6,80.2,0%,-1.3%
ppr,430,Tai Felton,MIN,WR,WR160,Tai Felton MIN(6),6,1.0,1.0,30.06,25,9.0,24.0,75.8,0%,4.9%
ppr,431,Josh Oliver,MIN,TE,TE73,Josh Oliver MIN(6),6,1.0,1.0,66.02,20,30.0,19.3,71.2,0%,2%
ppr,432,Eric McAlister,RK,WR,WR161,Eric McAlister RK(18),18,1.0,1.0,60.02,18,19.0,16.5,91.8,0%,-
ppr,433,Mitchell Tinsley,CIN,WR,WR162,Mitchell Tinsley CIN(6),6,1.0,1.0,45.06,18,21.0,16.5,91.8,0%,4%
ppr,434,Adam Trautman,DEN,TE,TE74,Adam Trautman DEN(10),10,1.0,1.0,62.05,24,20.0,19.0,59.5,0%,-1%
ppr,435,Kevin Coleman Jr.,MIA,WR,WR163,Kevin Coleman Jr. MIA(6),6,1.0,1.0,32.06,20,11.0,17.7,82.8,0%,-1.2%
ppr,436,Josh Cameron,JAC,WR,WR164,Josh Cameron JAC(7),7,1.0,1.0,64.1,19,11.0,16.6,84.9,0%,4%
ppr,437,Tyler Conklin,DET,TE,TE75,Tyler Conklin DET(6),6,1.0,1.0,51.1,20,2.0,19.4,63.2,0%,-2%
ppr,438,Arian Smith,NYJ,WR,WR165,Arian Smith NYJ(13),13,1.0,1.0,44.01,17,4.0,15.7,87.5,0%,-1%
ppr,439,Davis Allen,LAR,TE,TE76,Davis Allen LAR(11),11,1.0,1.0,51.09,18,18.0,16.4,68.2,0%,-2.2%
ppr,440,Malik Benson,LVR,WR,WR166,Malik Benson LVR(13),13,1.0,1.0,,20,,16.9,79.8,0%,-5%
ppr,441,Matthew Hibner,BAL,TE,TE77,Matthew Hibner BAL(13),13,1.0,1.0,,17,,14.7,69.4,0%,3.6%
ppr,442,Brock Wright,DET,TE,TE78,Brock Wright DET(6),6,1.0,1.0,66.12,20,21.0,19.1,60.2,0%,-2%
ppr,443,Will Kacmarek,MIA,TE,TE79,Will Kacmarek MIA(6),6,1.0,1.0,,17,,16.3,67.0,0%,-3.2%
ppr,444,Derius Davis,LAC,WR,WR167,Derius Davis LAC(7),7,1.0,1.0,31.08,19,4.0,17.8,74.8,0%,-2.6%
ppr,445,Theo Wease Jr.,MIA,WR,WR168,Theo Wease Jr. MIA(6),6,1.0,1.0,41.11,16,70.0,13.9,81.6,0%,-1.2%
ppr,446,Konata Mumpfield,LAR,WR,WR169,Konata Mumpfield LAR(11),11,1.0,1.0,38.08,16,22.0,15.3,80.8,0%,-3.1%
ppr,447,Ja'Lynn Polk,NO,WR,WR170,Ja'Lynn Polk NO(8),8,1.0,1.0,37.05,19,0.0,15.0,74.8,0%,0.9%
ppr,448,Joe Royer,CLE,TE,TE80,Joe Royer CLE(11),11,1.0,1.0,60.08,16,20.0,13.9,65.4,0%,3.4%
ppr,449,Drew Sample,CIN,TE,TE81,Drew Sample CIN(6),6,1.0,1.0,66.05,16,19.0,15.0,63.2,0%,3.5%
ppr,450,Jalin Hyatt,NYG,WR,WR171,Jalin Hyatt NYG(8),8,1.0,1.0,27.09,14,0.0,13.0,79.5,0%,3.7%
ppr,451,K.J. Osborn,TEN,WR,WR172,K.J. Osborn TEN(9),9,1.0,1.0,38.07,22,0.0,17.7,60.5,0%,5%
ppr,452,Jacob Cowing,SF,WR,WR173,Jacob Cowing SF(8),8,1.0,1.0,31.02,15,0.0,14.7,72.8,0%,-3.2%
ppr,453,CJ Daniels,LAR,WR,WR174,CJ Daniels LAR(11),11,1.0,1.0,31.05,16,11.0,13.9,71.1,0%,-3.1%
ppr,454,John Bates,WAS,TE,TE82,John Bates WAS(7),7,1.0,1.0,55.11,14,19.0,12.7,60.6,0%,-3%
ppr,455,Riley Nowakowski,PIT,TE,TE83,Riley Nowakowski PIT(9),9,1.0,1.0,,13,,11.8,60.4,0%,3%
ppr,456,Josh Cuevas,BAL,TE,TE84,Josh Cuevas BAL(13),13,1.0,1.0,,13,,11.1,61.6,0%,3.6%
ppr,457,Malachi Corley,CLE,WR,WR175,Malachi Corley CLE(11),11,1.0,1.0,31.01,13,8.0,11.9,69.0,0%,4.3%
ppr,458,Devin Culp,TB,TE,TE85,Devin Culp TB(10),10,1.0,1.0,52.06,13,4.0,11.5,57.4,0%,-2.8%
ppr,459,Julian Hill,NE,TE,TE86,Julian Hill NE(11),11,1.0,1.0,59.01,15,10.0,14.2,50.9,0%,-3.5%
ppr,460,Kaden Wetjen,PIT,WR,WR176,Kaden Wetjen PIT(9),9,1.0,1.0,,18,,15.0,57.5,0%,-2.6%
ppr,461,Barion Brown,NO,WR,WR177,Barion Brown NO(8),8,1.0,1.0,31.1,14,20.0,13.0,65.0,0%,0.9%
ppr,462,Isaiah Williams,NYJ,WR,WR178,Isaiah Williams NYJ(13),13,1.0,1.0,40.02,14,13.0,13.6,64.3,0%,-1%
ppr,463,Casey Washington,ATL,WR,WR179,Casey Washington ATL(11),11,1.0,1.0,41.09,14,13.0,12.2,66.2,0%,0.4%
ppr,464,Jeff Caldwell,KC,WR,WR180,Jeff Caldwell KC(5),5,1.0,1.0,64.09,13,,10.8,68.2,0%,-2.6%
ppr,465,Luke Farrell,SF,TE,TE87,Luke Farrell SF(8),8,1.0,1.0,56.04,11,6.0,10.3,57.4,0%,-3.6%
ppr,466,Tim Patrick,NYJ,WR,WR181,Tim Patrick NYJ(13),13,1.0,1.0,39.02,18,8.0,15.7,53.0,0%,-1%
ppr,467,Hunter Long,JAC,TE,TE88,Hunter Long JAC(7),7,1.0,1.0,58.12,11,12.0,9.9,57.5,0%,2.5%
ppr,468,Xavier Restrepo,TEN,WR,WR182,Xavier Restrepo TEN(9),9,1.0,1.0,36.05,12,3.0,10.9,66.4,0%,5%
ppr,469,Deion Burks,IND,WR,WR183,Deion Burks IND(13),13,1.0,1.0,64.06,13,25.0,10.9,63.0,0%,-0.8%
ppr,470,Brevyn Spann-Ford,DAL,TE,TE89,Brevyn Spann-Ford DAL(14),14,1.0,1.0,66.07,11,8.0,10.8,54.7,0%,-2.5%
ppr,471,Will Mallory,IND,TE,TE90,Will Mallory IND(13),13,1.0,1.0,61.09,11,8.0,9.9,54.1,0%,1.5%
ppr,472,Jack Endries,CIN,TE,TE91,Jack Endries CIN(6),6,1.0,1.0,56.03,13,19.0,11.4,47.0,0%,3.5%
ppr,473,Bub Means,NO,WR,WR184,Bub Means NO(8),8,1.0,1.0,35.03,12,36.0,11.6,58.8,0%,0.9%
ppr,474,Dominic Lovett,DET,WR,WR185,Dominic Lovett DET(6),6,1.0,1.0,35.1,12,0.0,10.1,60.7,0%,-1%
ppr,475,Efton Chism,NE,WR,WR186,Efton Chism NE(11),11,1.0,1.0,,12,,11.3,59.5,0%,-2.5%
ppr,476,Michael Trigg,DAL,TE,TE92,Michael Trigg DAL(14),14,1.0,1.0,23.09,13,20.0,10.3,45.2,0%,-2.5%
ppr,477,David Sills V,TB,WR,WR187,David Sills V TB(10),10,1.0,1.0,,12,,11.0,57.8,0%,2.6%
ppr,478,Jared Wiley,KC,TE,TE93,Jared Wiley KC(5),5,1.0,1.0,67.08,11,7.0,10.2,48.2,0%,1.9%
ppr,479,Mecole Hardman,BUF,WR,WR188,Mecole Hardman BUF(7),7,1.0,1.0,29.09,11,0.0,9.0,56.1,0%,0.7%
ppr,480,Emmanuel Henderson Jr.,SEA,WR,WR189,Emmanuel Henderson Jr. SEA(11),11,1.0,1.0,,11,,9.5,56.1,0%,-0.1%
ppr,481,Tip Reiman,ARI,TE,TE94,Tip Reiman ARI(14),14,1.0,1.0,60.12,10,7.0,8.7,48.3,0%,-3.6%
ppr,482,Johnny Mundt,PHI,TE,TE95,Johnny Mundt PHI(10),10,1.0,1.0,61.1,13,2.0,10.7,40.3,0%,7.1%
ppr,483,Grant Calcaterra,PHI,TE,TE96,Grant Calcaterra PHI(10),10,1.0,1.0,50.11,14,10.0,12.4,35.3,0%,7.1%
ppr,484,Bauer Sharp,TB,TE,TE97,Bauer Sharp TB(10),10,1.0,1.0,,10,,8.8,44.4,0%,-2.8%
ppr,485,Thomas Fidone II,NYG,TE,TE98,Thomas Fidone II NYG(8),8,1.0,1.0,57.12,7,16.0,6.6,51.2,0%,3.2%
ppr,486,Charlie Jones,CIN,WR,WR190,Charlie Jones CIN(6),6,1.0,1.0,34.07,10,0.0,9.4,53.2,0%,4%
ppr,487,Mason Tipton,NO,WR,WR191,Mason Tipton NO(8),8,1.0,1.0,45.05,10,7.0,9.3,51.9,0%,0.9%
ppr,488,Johnny Wilson,PHI,WR,WR192,Johnny Wilson PHI(10),10,1.0,1.0,40.11,12,0.0,9.5,47.6,0%,6.6%
ppr,489,Jake Briningstool,KC,TE,TE99,Jake Briningstool KC(5),5,1.0,1.0,,7,,6.3,48.7,0%,1.9%
ppr,490,Payne Durham,TB,TE,TE100,Payne Durham TB(10),10,1.0,1.0,56.1,9,6.0,9.1,41.1,0%,-2.8%
ppr,491,Kevin Austin Jr.,NO,WR,WR193,Kevin Austin Jr. NO(8),8,1.0,1.0,62.01,12,20.0,10.4,45.1,0%,0.9%
ppr,492,Quez Watkins,PHI,WR,WR194,Quez Watkins PHI(10),10,1.0,1.0,39.06,10,13.0,8.5,50.2,0%,6.6%
ppr,493,Dallen Bentley,DEN,TE,TE101,Dallen Bentley DEN(10),10,1.0,1.0,,9,,7.9,40.2,0%,-1%
ppr,494,Seydou Traore,MIA,TE,TE102,Seydou Traore MIA(6),6,1.0,1.0,,8,,7.1,41.7,0%,-3.2%
ppr,495,Charlie Woerner,ATL,TE,TE103,Charlie Woerner ATL(11),11,1.0,1.0,66.11,9,7.0,8.4,37.4,0%,4.8%
ppr,496,Harrison Wallace III,ARI,WR,WR195,Harrison Wallace III ARI(14),14,1.0,1.0,,9,,7.8,47.7,0%,-0.8%
ppr,497,Darius Cooper,PHI,WR,WR196,Darius Cooper PHI(10),10,1.0,1.0,,11,,10.0,42.2,0%,6.6%
ppr,498,Jordan Hudson,DAL,WR,WR197,Jordan Hudson DAL(14),14,1.0,1.0,,9,,8.3,45.0,0%,-0.7%
ppr,499,Tahj Washington,MIA,WR,WR198,Tahj Washington MIA(6),6,1.0,1.0,39.08,9,0.0,7.7,46.8,0%,-1.2%
ppr,500,Anthony Smith,DAL,WR,WR199,Anthony Smith DAL(14),14,1.0,1.0,,9,,7.9,43.9,0%,-0.7%
ppr,501,Eric Rivers,TB,WR,WR200,Eric Rivers TB(10),10,1.0,1.0,36.06,9,18.0,7.7,44.2,0%,2.6%
ppr,502,Jeremy Ruckert,NYJ,TE,TE104,Jeremy Ruckert NYJ(13),13,1.0,1.0,60.01,9,8.0,8.9,32.7,0%,-1.5%
ppr,503,Anthony Gould,IND,WR,WR201,Anthony Gould IND(13),13,1.0,1.0,29.12,8,5.0,7.0,43.0,0%,-0.8%
ppr,504,RJ Maryland,GB,TE,TE105,RJ Maryland GB(11),11,1.0,1.0,,8,,6.5,34.4,0%,-3.3%
ppr,505,John Michael Gyllenborg,KC,TE,TE106,John Michael Gyllenborg KC(5),5,1.0,1.0,,8,,6.5,34.4,0%,1.9%
ppr,506,Lewis Bond,HOU,WR,WR202,Lewis Bond HOU(8),8,1.0,1.0,63.07,8,0.0,7.5,40.0,0%,4.4%
ppr,507,CJ Williams,JAC,WR,WR203,CJ Williams JAC(7),7,1.0,1.0,,9,,7.2,38.3,0%,4%
ppr,508,Mo Alie-Cox,IND,TE,TE107,Mo Alie-Cox IND(13),13,1.0,1.0,78.06,14,9.0,14.1,14.1,0%,1.5%
ppr,509,J. Michael Sturdivant,GB,WR,WR204,J. Michael Sturdivant GB(11),11,1.0,1.0,,8,,7.0,36.8,0%,1.3%
ppr,510,Carsen Ryan,CLE,TE,TE108,Carsen Ryan CLE(11),11,1.0,1.0,,7,,5.4,30.5,0%,3.4%
ppr,511,Jaren Kanak,TEN,TE,TE109,Jaren Kanak TEN(9),9,1.0,1.0,,7,,5.6,26.5,0%,4.1%
ppr,512,Andrew Ogletree,IND,TE,TE110,Andrew Ogletree IND(13),13,1.0,1.0,65.1,10,3.0,9.7,9.7,0%,1.5%
ppr,513,Aaron Anderson,CLE,WR,WR205,Aaron Anderson CLE(11),11,1.0,1.0,61.04,5,19.0,4.4,27.3,0%,4.3%
ppr,514,Vinny Anthony II,ATL,WR,WR206,Vinny Anthony II ATL(11),11,1.0,1.0,,5,,4.5,25.3,0%,0.4%
ppr,515,Durham Smythe,BAL,TE,TE111,Durham Smythe BAL(13),13,1.0,1.0,65.08,7,7.0,7.0,7.0,0%,3.6%
ppr,516,Spencer Shrader,IND,K,K33,Spencer Shrader IND(13),13,1.0,1.0,,72,5.0,70.6,97.2,0%,-2.2%
ppr,517,Joshua Karty,ARI,K,K34,Joshua Karty ARI(14),14,1.0,1.0,75.08,64,16.0,63.4,89.6,0%,1.9%
ppr,518,Blake Grupe,IND,K,K35,Blake Grupe IND(13),13,1.0,1.0,76.07,57,94.0,56.1,82.2,0%,-2.2%
ppr,519,J.J. McCarthy,MIN,QB,QB37,J.J. McCarthy MIN(6),6,1.0,2.0,25.11,33,26.0,31.9,130.0,0%,4%
ppr,520,Ty Simpson,LAR,QB,QB38,Ty Simpson LAR(11),11,1.0,1.0,25.07,30,21.0,26.9,98.8,0%,-0%
ppr,521,Cade Klubnik,NYJ,QB,QB39,Cade Klubnik NYJ(13),13,1.0,1.0,70.12,28,17.0,25.0,83.2,0%,-4.4%
ppr,522,Drew Allar,PIT,QB,QB40,Drew Allar PIT(9),9,1.0,1.0,79.01,14,22.0,13.0,44.9,0%,-2.1%
ppr,523,Taylen Green,CLE,QB,QB41,Taylen Green CLE(11),11,1.0,1.0,,14,,11.5,47.5,0%,5.4%
ppr,524,Dillon Gabriel,CLE,QB,QB42,Dillon Gabriel CLE(11),11,1.0,1.0,78.03,13,16.0,12.0,42.7,0%,5.4%
