player_id,player_name,position,age,total_games,seasons,ppg,projected_fpts,replacement_pts,par,auction_value,fpts_2025
00-0033280,Christian McCaffrey,RB,,37.0,3,23.072972972972973,309.6643674420341,120.28969551527891,189.3746719267552,51.7,414.6
00-0039139,Jahmyr Gibbs,RB,,49.0,3,19.665306122448982,281.23863806812017,120.28969551527891,160.94894255284126,44.1,366.6
00-0036900,Ja'Marr Chase,WR,,49.0,3,19.98469387755102,284.42554916127875,131.9197730605639,152.50577610071485,41.8,313.6
00-0038542,Bijan Robinson,RB,,51.0,3,18.72156862745098,270.6106190213106,120.28969551527891,150.32092350603168,41.2,368.8
00-0039075,Puka Nacua,WR,,44.0,3,20.00227272727273,280.035178258052,131.9197730605639,148.1154051974881,40.6,375.0
00-0036963,Amon-Ra St. Brown,WR,,50.0,3,19.463,278.54485902247154,131.9197730605639,146.62508596190764,40.2,324.0
00-0039040,De'Von Achane,RB,,44.0,3,18.470454545454547,261.9201912404635,120.28969551527891,141.6304957251846,38.9,322.1
00-0036223,Jonathan Taylor,RB,,41.0,3,18.619512195121953,261.001955691716,120.28969551527891,140.71226017643707,38.7,360.3
00-0036358,CeeDee Lamb,WR,,45.0,3,19.233333333333334,271.3755851718544,131.9197730605639,139.45581211129053,38.3,200.9
00-0037840,Kyren Williams,RB,,45.0,3,17.52,250.8542864660297,120.28969551527891,130.56459095075078,35.9,263.29999999999995
00-0034844,Saquon Barkley,RB,,46.0,3,17.40869565217391,250.20824958754528,120.28969551527891,129.91855407226637,35.8,230.3
00-0032764,Derrick Henry,RB,,51.0,3,16.994117647058825,248.25688767802703,120.28969551527891,127.96719216274812,35.2,279.5
00-0037248,James Cook,RB,,50.0,3,16.032000000000004,235.25017385496687,120.28969551527891,114.96047833968797,31.8,302.20000000000005
00-0033040,Tyreek Hill,WR,,37.0,3,17.516216216216215,242.60586217892677,131.9197730605639,110.68608911836287,30.6,53.5
00-0035700,Josh Jacobs,RB,,45.0,3,15.806666666666665,229.36740122012802,120.28969551527891,109.07770570484911,30.2,237.10000000000002
00-0036322,Justin Jefferson,WR,,44.0,3,16.44090909090909,235.63684492471867,131.9197730605639,103.71707186415478,28.8,201.5
00-0036554,Nico Collins,WR,,42.0,3,16.504761904761907,234.9105292324676,131.9197730605639,102.99075617190371,28.6,224.2
00-0033897,Joe Mixon,RB,,31.0,2,16.306451612903224,223.25130796654912,120.28969551527891,102.96161245127021,28.5,
00-0033906,Alvin Kamara,RB,,38.0,3,15.605263157894736,221.8576198968113,120.28969551527891,101.56792438153238,28.2,100.69999999999999
00-0038120,Breece Hall,RB,,49.0,3,15.00204081632653,221.4770996065817,120.28969551527891,101.1874040913028,28.1,209.7
00-0034857,Josh Allen,QB,,49.0,3,28.625510204081635,422.5841581229371,321.7482669128458,100.83589121009129,28.0,449.29999999999995
00-0035676,A.J. Brown,WR,,45.0,3,16.151111111111113,232.72148681119873,131.9197730605639,100.80171375063483,28.0,220.3
00-0031381,Davante Adams,WR,,45.0,3,16.16888888888889,232.94443763087088,131.9197730605639,101.02466457030698,28.0,222.9
00-0033553,James Conner,RB,,32.0,3,15.14375,211.19815571724604,120.28969551527891,90.90846020196713,25.3,33.3
00-0038543,Jaxon Smith-Njigba,WR,,51.0,3,14.961764705882352,221.07851784303162,131.9197730605639,89.15874478246772,24.9,359.9
00-0031408,Mike Evans,WR,,39.0,3,15.582051282051284,221.2965580996931,131.9197730605639,89.3767850391292,24.9,84.80000000000001
00-0036973,Travis Etienne,RB,,49.0,3,13.520408163265307,202.4894072988894,120.28969551527891,82.1997117836105,23.0,253.89999999999998
00-0038597,Chase Brown,RB,,43.0,3,13.6,200.69341482081032,120.28969551527891,80.40371930553141,22.5,278.3
00-0037238,Drake London,WR,,45.0,3,14.517777777777779,212.23788025382163,131.9197730605639,80.31810719325773,22.5,199.9
00-0039337,Malik Nabers,WR,,19.0,2,17.3,212.23744844237484,131.9197730605639,80.31767538181094,22.5,57.1
00-0039067,Rashee Rice,WR,,27.0,3,15.75925925925926,211.02117896472373,131.9197730605639,79.10140590415983,22.2,148.1
00-0030279,Keenan Allen,WR,,45.0,3,14.41,210.88624090955935,131.9197730605639,78.96646784899545,22.1,182.7
00-0034796,Lamar Jackson,QB,,46.0,3,27.096739130434784,400.20274641920815,321.7482669128458,78.45447950636236,22.0,280.34999999999997
00-0036410,Tee Higgins,WR,,39.0,3,14.597435897435899,209.42746719060216,131.9197730605639,77.50769413003826,21.7,209.60000000000002
00-0038134,Kenneth Walker III,RB,,43.0,3,13.313953488372093,197.14934702420015,120.28969551527891,76.85965150892125,21.6,191.89999999999998
00-0035685,David Montgomery,RB,,45.0,3,13.242222222222221,197.20674548242312,120.28969551527891,76.91704996714421,21.6,166.95
00-0031588,Stefon Diggs,WR,,42.0,3,14.384523809523811,208.80966716350207,131.9197730605639,76.88989410293817,21.6,210.3
00-0036275,D'Andre Swift,RB,,49.0,3,13.051020408163266,196.47402268350478,120.28969551527891,76.18432716822588,21.4,227.7
00-0037744,Trey McBride,TE,,50.0,3,14.824000000000002,210.63894114429132,135.33631781619692,75.3026233280944,21.1,315.9
00-0037239,Chris Olave,WR,,40.0,3,14.35,207.11447670505572,131.9197730605639,75.19470364449182,21.1,268.0
00-0039361,Bucky Irving,RB,,27.0,2,14.18148148148148,195.5491040564607,120.28969551527891,75.25940854118178,21.1,138.5
00-0037247,George Pickens,WR,,48.0,3,13.814583333333333,204.89235461692374,131.9197730605639,72.97258155635984,20.5,289.9
00-0034827,DJ Moore,WR,,51.0,3,13.633333333333333,203.88821933556895,131.9197730605639,71.96844627500505,20.3,172.7
00-0036912,DeVonta Smith,WR,,46.0,3,13.669565217391305,202.09694670134064,131.9197730605639,70.17717364077674,19.8,201.8
00-0037256,Rachaad White,RB,,49.0,3,12.459183673469388,188.88940729888938,120.28969551527891,68.59971178361047,19.4,143.0
00-0037740,Garrett Wilson,WR,,41.0,3,13.721951219512196,200.0808893944407,131.9197730605639,68.1611163338768,19.2,99.5
00-0034348,Courtland Sutton,WR,,49.0,3,13.275510204081632,198.44477993050953,131.9197730605639,66.52500686994563,18.8,217.7
00-0039064,Zay Flowers,WR,,50.0,3,13.144,197.16379841641088,131.9197730605639,65.24402535584699,18.5,243.3
00-0035659,Terry McLaurin,WR,,44.0,3,13.3,196.48017825805198,131.9197730605639,64.56040519748808,18.3,114.2
00-0035261,Tony Pollard,RB,,50.0,3,12.102,184.63653749133047,120.28969551527891,64.34684197605156,18.2,185.79999999999998
00-0033293,Aaron Jones,RB,,40.0,3,12.38,184.24484775763946,120.28969551527891,63.955152242360555,18.1,118.70000000000002
00-0033288,George Kittle,TE,,42.0,3,14.316666666666666,198.68741578488317,135.33631781619692,63.35109796868625,18.0,161.5
00-0040122,Ashton Jeanty,RB,,17.0,1,14.41764705882353,183.81852952811545,120.28969551527891,63.52883401283654,18.0,245.1
00-0035640,DK Metcalf,WR,,46.0,3,13.126086956521737,195.2421079916632,131.9197730605639,63.322334931099306,17.9,187.2
00-0036158,J.K. Dobbins,RB,,24.0,3,13.308333333333332,183.22778686069523,120.28969551527891,62.938091345416325,17.8,115.9
00-0034960,Jakobi Meyers,WR,,47.0,3,13.03191489361702,194.4906459600495,131.9197730605639,62.57087289948561,17.7,175.8
00-0035719,Deebo Samuel Sr.,WR,,45.0,3,13.055555555555555,193.90017533578884,131.9197730605639,61.98040227522495,17.6,188.2
00-0036875,Rhamondre Stevenson,RB,,41.0,3,12.009756097560977,180.17739428820718,120.28969551527891,59.887698772928275,17.0,174.8
00-0036997,Javonte Williams,RB,,49.0,3,11.753061224489798,179.84017652965863,120.28969551527891,59.55048101437973,16.9,242.8
00-0039338,Brock Bowers,TE,,29.0,2,15.06551724137931,193.97933590051608,135.33631781619692,58.64301808431915,16.7,174.2
00-0039893,Brian Thomas Jr.,WR,,31.0,2,13.509677419354839,190.63852543581106,131.9197730605639,58.71875237524716,16.7,138.8
00-0036555,Chuba Hubbard,RB,,47.0,3,11.648936170212766,177.88589641948903,120.28969551527891,57.59620090421012,16.4,125.39999999999999
00-0036252,Michael Pittman,WR,,49.0,3,12.557142857142857,189.23862608435567,131.9197730605639,57.318853023791775,16.3,201.3
00-0036389,Jalen Hurts,QB,,48.0,3,25.101041666666664,376.64641059360787,321.7482669128458,54.898143680762075,15.7,383.30000000000007
00-0039915,Ladd McConkey,WR,,32.0,2,13.11875,187.02105615589832,131.9197730605639,55.10128309533442,15.7,180.9
00-0038994,Jordan Addison,WR,,46.0,3,12.367391304347825,185.67275315295353,131.9197730605639,53.752980092389635,15.4,135.1
00-0033921,Chris Godwin Jr.,WR,,33.0,3,12.909090909090908,185.355320315982,131.9197730605639,53.4355472554181,15.3,81.0
00-0037228,Jaylen Warren,RB,,48.0,3,11.200000000000001,172.47674178793454,120.28969551527891,52.187046272655635,15.0,217.10000000000002
00-0036261,Brandon Aiyuk,WR,,23.0,2,13.547826086956523,183.01565885854154,131.9197730605639,51.095885797977644,14.7,
00-0033699,Austin Ekeler,RB,,28.0,3,11.814285714285715,170.97526078245022,120.28969551527891,50.68556526717131,14.6,13.100000000000001
00-0033106,Jared Goff,QB,,51.0,3,24.39803921568628,369.7913474327001,321.7482669128458,48.0430805198543,13.9,410.70000000000005
00-0036613,Jaylen Waddle,WR,,45.0,3,11.964444444444446,180.21656877841184,131.9197730605639,48.29679571784794,13.9,194.2
00-0040715,Cam Skattebo,RB,,8.0,1,15.7125,168.17547810115875,120.28969551527891,47.88578258587984,13.8,125.7
00-0040666,Omarion Hampton,RB,,9.0,1,15.077777777777776,168.24845897711236,120.28969551527891,47.958763461833456,13.8,135.7
00-0036442,Joe Burrow,QB,,35.0,3,25.565714285714286,369.30431917629227,321.7482669128458,47.556052263446475,13.7,186.54999999999998
00-0036893,Najee Harris,RB,,37.0,3,11.127027027027028,167.89078253637376,120.28969551527891,47.601087021094855,13.7,11.600000000000001
00-0039146,Jayden Reed,WR,,38.0,3,12.123684210526317,179.11686473116893,131.9197730605639,47.19709167060503,13.6,48.5
00-0030506,Travis Kelce,TE,,48.0,3,12.625,181.30890805505038,135.33631781619692,45.972590238853456,13.3,191.2
00-0031544,Amari Cooper,WR,,28.0,2,12.417857142857143,176.1661521700709,131.9197730605639,44.24637910950699,12.8,
00-0040730,RJ Harvey,RB,,17.0,1,12.152941176470588,163.9851961947821,120.28969551527891,43.6955006795032,12.7,206.6
00-0037240,Jameson Williams,WR,,44.0,3,11.627272727272727,175.62684492471865,131.9197730605639,43.707071864154756,12.7,219.10000000000002
00-0038977,Tank Dell,WR,,24.0,2,12.708333333333334,175.63526738707802,131.9197730605639,43.71549432651412,12.7,
00-0040734,TreVeyon Henderson,RB,,17.0,1,12.129411764705884,163.77913558872152,120.28969551527891,43.48944007344261,12.6,206.20000000000002
00-0033077,Dak Prescott,QB,,42.0,3,24.466666666666665,363.6572461722569,321.7482669128458,41.908979259411126,12.2,413.3
00-0034837,Calvin Ridley,WR,,41.0,3,11.570731707317073,173.77562623654595,131.9197730605639,41.85585317598205,12.2,47.3
00-0033873,Patrick Mahomes,QB,,46.0,3,24.17173913043478,363.31000448372424,321.7482669128458,41.56173757087845,12.1,361.55
00-0037834,Brock Purdy,QB,,40.0,3,24.57375,363.090540678409,321.7482669128458,41.34227376556322,12.1,237.05
00-0036251,Zack Moss,RB,,22.0,2,11.340909090909092,161.6003019586266,120.28969551527891,41.310606443347694,12.1,
00-0036139,Rico Dowdle,RB,,49.0,3,10.318367346938777,161.45402268350477,120.28969551527891,41.16432716822587,12.0,216.3
00-0039384,Tyrone Tracy Jr.,RB,,32.0,2,10.721875,161.08357238391272,120.28969551527891,40.79387686863382,11.9,160.8
00-0034855,Baker Mayfield,QB,,51.0,3,23.80686274509804,362.14134743270006,321.7482669128458,40.393080519854266,11.8,356.84999999999997
00-0037197,Isiah Pacheco,RB,,34.0,3,10.532352941176471,159.7402294885562,120.28969551527891,39.45053397327729,11.6,87.30000000000001
00-0038117,Wan'Dale Robinson,WR,,48.0,3,11.120833333333332,170.54704211692373,131.9197730605639,38.627269056359836,11.3,217.9
00-0039065,Sam LaPorta,TE,,42.0,3,12.304761904761907,173.92017440557288,135.33631781619692,38.583856589375955,11.3,106.9
00-0040784,Quinshon Judkins,RB,,14.0,1,11.985714285714284,158.39704914759363,120.28969551527891,38.10735363231473,11.2,167.79999999999998
00-0033908,Cooper Kupp,WR,,40.0,3,11.2925,169.98769099077003,131.9197730605639,38.067917930206136,11.2,114.30000000000001
00-0031687,Raheem Mostert,RB,,36.0,3,10.222222222222221,156.83291296976554,120.28969551527891,36.54321745448664,10.8,29.4
00-0040124,Tetairoa McMillan,WR,,17.0,1,12.547058823529412,165.6518392570642,131.9197730605639,33.73206619650031,10.0,213.3
00-0039165,Zach Charbonnet,RB,,49.0,3,9.575510204081633,151.93402268350476,120.28969551527891,31.644327168225857,9.5,179.4
00-0039849,Marvin Harrison Jr.,WR,,29.0,2,11.113793103448277,162.65579323295822,131.9197730605639,30.73602017239432,9.2,125.80000000000001
00-0037746,Brian Robinson,RB,,44.0,3,9.50909090909091,150.20185790713018,120.28969551527891,29.91216239185127,9.0,62.5
00-0026498,Matthew Stafford,QB,,48.0,3,23.09166666666667,351.0268793436079,321.7482669128458,29.27861243076211,8.8,489.45000000000005
00-0033923,Kareem Hunt,RB,,45.0,3,9.317777777777778,147.99035203980017,120.28969551527891,27.700656524521264,8.4,145.4
00-0036259,Jauan Jennings,WR,,42.0,3,10.316666666666666,158.73294302557102,131.9197730605639,26.81316996500712,8.2,171.3
00-0037267,Jerome Ford,RB,,42.0,3,9.257142857142858,146.70537024875537,120.28969551527891,26.415674733476465,8.1,43.599999999999994
00-0037816,Romeo Doubs,WR,,46.0,3,10.171739130434782,157.97920476585676,131.9197730605639,26.059431705292866,8.0,163.4
00-0038997,Josh Downs,WR,,47.0,3,10.148936170212766,157.92715389655746,131.9197730605639,26.00738083599356,8.0,137.7
00-0036407,Jerry Jeudy,WR,,50.0,3,9.988000000000001,156.5183438709564,131.9197730605639,24.598570810392488,7.6,120.7
00-0033885,David Njoku,TE,,38.0,3,11.368421052631579,160.1068539911708,135.33631781619692,24.77053617497387,7.6,86.3
00-0040129,Emeka Egbuka,WR,,17.0,1,11.394117647058824,155.55486956009455,131.9197730605639,23.635096499530647,7.3,193.70000000000002
00-0039032,Tyjae Spears,RB,,42.0,3,9.026190476190477,143.8622668004795,120.28969551527891,23.57257128520058,7.3,111.7
00-0038559,Michael Wilson,WR,,46.0,3,9.947826086956523,155.1550112174697,131.9197730605639,23.235238156905808,7.2,220.60000000000002
00-0039732,Bo Nix,QB,,34.0,2,23.50294117647059,344.1524055598181,321.7482669128458,22.404138646972285,7.0,386.15000000000003
00-0038124,Christian Watson,WR,,33.0,3,10.212121212121213,154.47776929557386,131.9197730605639,22.557996235009966,7.0,132.4
00-0036355,Justin Herbert,QB,,46.0,3,22.64673913043478,344.0753270643694,321.7482669128458,22.327060151523597,7.0,374.15000000000003
00-0030035,Adam Thielen,WR,,41.0,3,9.904878048780489,153.40545079794947,131.9197730605639,21.485677737385572,6.7,37.6
00-0038544,Quentin Johnston,WR,,45.0,3,9.775555555555554,152.76574910628062,131.9197730605639,20.845976045716725,6.6,171.2
00-0037261,Khalil Shakir,WR,,47.0,3,9.759574468085107,152.98905865846223,131.9197730605639,21.06928559789833,6.6,163.10000000000002
00-0034972,Alexander Mattison,RB,,30.0,2,8.953333333333335,140.55459727016978,120.28969551527891,20.26490175489087,6.4,
00-0034351,Dallas Goedert,TE,,39.0,3,10.897435897435898,155.03218391860406,135.33631781619692,19.695866102407138,6.3,185.1
00-0034184,Gus Edwards,RB,,28.0,2,8.89642857142857,139.4093516915411,120.28969551527891,19.119656176262197,6.1,
00-0039919,Rome Odunze,WR,,29.0,2,10.03448275862069,150.83134878851376,131.9197730605639,18.911575727949867,6.1,146.10000000000002
00-0039894,Xavier Worthy,WR,,30.0,2,9.903333333333334,149.80675424963306,131.9197730605639,17.88698118906916,5.8,109.9
00-0036264,Jordan Love,QB,,47.0,3,22.198936170212768,339.04555996810967,321.7482669128458,17.29729305526388,5.6,310.95
00-0035216,Diontae Johnson,WR,,24.0,2,10.075,148.77526738707797,131.9197730605639,16.855494326514076,5.5,
00-0037545,Rashid Shaheed,WR,,39.0,3,9.53846153846154,148.44383082696584,131.9197730605639,16.52405776640194,5.4,144.60000000000002
00-0036971,Trevor Lawrence,QB,,43.0,3,22.304651162790698,337.75627589815093,321.7482669128458,16.00800898530514,5.3,434.25
00-0040583,Woody Marks,RB,,16.0,1,9.06875,136.43785857586906,120.28969551527891,16.14816306059015,5.3,145.1
00-0034753,Mark Andrews,TE,,44.0,3,10.345454545454546,150.66950192538704,135.33631781619692,15.333184109190114,5.1,131.0
00-0040236,Kyle Monangai,RB,,16.0,1,8.918750000000001,135.16285857586908,120.28969551527891,14.873163060590173,5.0,142.70000000000002
00-0035229,T.J. Hockenson,TE,,40.0,3,10.4575,150.22982349148612,135.33631781619692,14.893505675289191,5.0,112.80000000000001
00-0039910,Jayden Daniels,QB,,24.0,2,24.016666666666666,335.54300694977263,321.7482669128458,13.79474003692684,4.7,140.9
00-0037664,Alec Pierce,WR,,48.0,3,9.168750000000001,145.65797961692374,131.9197730605639,13.738206556359842,4.7,183.3
00-0035662,Marquise Brown,WR,,31.0,3,9.370967741935484,144.23214245708763,131.9197730605639,12.312369396523735,4.3,137.7
00-0035664,Darrell Henderson,RB,,4.0,1,10.875,131.94057372139048,120.28969551527891,11.650878206111571,4.1,
00-0033881,Evan Engram,TE,,42.0,3,10.014285714285714,145.7236226814349,135.33631781619692,10.38730486523798,3.8,102.80000000000001
00-0040242,Jacory Croskey-Merritt,RB,,17.0,1,8.25294117647059,129.83065074023665,120.28969551527891,9.540955224957742,3.6,140.3
00-0038041,Jake Ferguson,TE,,48.0,3,9.741666666666667,144.5464080550504,135.33631781619692,9.210090238853468,3.5,186.1
00-0038996,Tucker Kraft,TE,,35.0,3,10.2,144.52490422594556,135.33631781619692,9.188586409748638,3.5,117.2
00-0039916,Ricky Pearsall,WR,,19.0,2,9.58421052631579,141.03173415666055,131.9197730605639,9.11196109609665,3.4,88.6
00-0039855,Jalen McMillan,WR,,17.0,2,9.723529411764707,140.92456652979152,131.9197730605639,9.004793469227621,3.4,29.9
00-0030564,DeAndre Hopkins,WR,,50.0,3,8.752,140.60016205277455,131.9197730605639,8.680388992210652,3.3,67.0
00-0036919,Kenneth Gainwell,RB,,49.0,3,7.743877551020408,128.46094576042785,120.28969551527891,8.17125024514894,3.2,221.29999999999998
00-0037525,Jordan Mason,RB,,37.0,3,7.800000000000001,128.40587687599643,120.28969551527891,8.116181360717519,3.2,128.9
00-0034775,Christian Kirk,WR,,31.0,3,9.001612903225807,140.0906530953855,131.9197730605639,8.170880034821607,3.2,57.900000000000006
00-0039851,Drake Maye,QB,,30.0,2,22.660000000000004,329.9895712606719,321.7482669128458,8.241304347826087,3.2,453.90000000000003
00-0034975,Justice Hill,RB,,39.0,3,7.733333333333334,127.75475408050563,120.28969551527891,7.465058565226727,3.0,65.2
00-0033090,Hunter Henry,TE,,46.0,3,9.654347826086957,142.76564702456812,135.33631781619692,7.4293292083712,3.0,178.8
00-0038606,Parker Washington,WR,,34.0,3,8.85,139.11421390966237,131.9197730605639,7.19444084909847,2.9,172.7
00-0035250,Devin Singletary,RB,,49.0,3,7.608163265306124,126.72171499119709,120.28969551527891,6.432019475918182,2.7,106.80000000000001
00-0037157,Bam Knight,RB,,12.0,2,8.0,126.11826694385033,120.28969551527891,5.828571428571422,2.6,92.9
00-0036970,Kyle Pitts,TE,,51.0,3,9.398039215686275,141.04283754512275,135.33631781619692,5.7065197289258265,2.5,210.8
00-0040663,Harold Fannin Jr.,TE,,16.0,1,11.65,139.70531611010074,135.33631781619692,4.368998293903815,2.2,186.4
00-0040021,Phil Mafah,RB,,1.0,1,10.9,122.62420437810646,120.28969551527891,2.3345088628275477,1.6,10.9
00-0039363,Isaac Guerendo,RB,,13.0,1,7.4,121.8866025664762,120.28969551527891,1.5969070511972916,1.4,
00-0040202,Devin Neal,RB,,8.0,1,7.5,121.63797810115875,120.28969551527891,1.3482825858798435,1.4,60.0
00-0034383,Dalton Schultz,TE,,49.0,3,9.110204081632652,136.77800177728037,135.33631781619692,1.4416839610834415,1.4,177.7
00-0030061,Zach Ertz,TE,,37.0,3,9.445945945945946,136.66547387779664,135.33631781619692,1.3291560615997184,1.4,124.4
00-0033045,Ezekiel Elliott,RB,,32.0,2,7.25,121.73565571724603,120.28969551527891,1.4459602019671252,1.4,
00-0040128,Tyler Warren,TE,,17.0,1,11.088235294117647,136.5536398643401,135.33631781619692,1.2173220481431883,1.3,188.5
00-0037329,Brittain Brown,RB,,1.0,1,9.7,121.42420437810645,120.28969551527891,1.1345088628275448,1.3,9.7
00-0039391,Kimani Vidal,RB,,21.0,2,7.171428571428573,120.52733714669756,120.28969551527891,0.23764163141865424,1.1,117.9
00-0033119,Jacoby Brissett,QB,,22.0,3,17.80454545454546,270.57421784186596,321.7482669128458,0.0,1.0,305.1
00-0033217,Mo Alie-Cox,TE,,36.0,3,3.0694444444444446,61.15904068313891,135.33631781619692,0.0,1.0,30.700000000000003
00-0033246,Johnny Mundt,TE,,33.0,3,3.196969696969697,63.16877786782089,135.33631781619692,0.0,1.0,20.1
00-0033251,Zach Pascal,WR,,9.0,1,0.6555555555555556,77.62842781932478,131.9197730605639,0.0,1.0,
00-0033275,PJ Walker,QB,,5.0,1,5.74,195.7533465709955,321.7482669128458,0.0,1.0,
00-0033282,Curtis Samuel,WR,,35.0,3,6.9142857142857155,116.7531508918259,131.9197730605639,0.0,1.0,21.1
00-0033292,Trent Taylor,WR,,4.0,2,0.47500000000000003,93.63553477415597,131.9197730605639,0.0,1.0,
00-0033296,Alex Armah,RB,,3.0,1,1.4333333333333333,103.8111302330426,120.28969551527891,0.0,1.0,
00-0033307,Kendrick Bourne,WR,,34.0,3,7.564705882352941,124.25621390966239,131.9197730605639,0.0,1.0,92.1
00-0033308,Matt Breida,RB,,15.0,1,3.126666666666667,86.98746691702613,120.28969551527891,0.0,1.0,
00-0033319,Nick Mullens,QB,,13.0,3,7.357692307692307,180.99897510313465,321.7482669128458,0.0,1.0,0.15000000000000002
00-0033357,Taysom Hill,QB,,36.0,3,8.145833333333334,165.54173611520974,321.7482669128458,0.0,1.0,44.35
00-0033375,Tim Patrick,WR,,28.0,2,5.075000000000001,96.72978853370728,131.9197730605639,0.0,1.0,51.7
00-0033376,Patrick Ricard,RB,,13.0,3,2.269230769230769,82.78660256647619,120.28969551527891,0.0,1.0,2.1
00-0033439,Pharaoh Brown,TE,,18.0,3,2.911111111111111,64.48735633891833,135.33631781619692,0.0,1.0,2.1
00-0033455,Anthony Firkser,TE,,5.0,1,2.66,72.75571978682015,135.33631781619692,0.0,1.0,13.3
00-0033460,John Ross,WR,,1.0,1,1.6,109.8594526754776,131.9197730605639,0.0,1.0,
00-0033466,Isaiah McKenzie,WR,,9.0,1,2.288888888888889,87.62442781932478,131.9197730605639,0.0,1.0,
00-0033526,Samaje Perine,RB,,47.0,3,5.970212765957447,105.86526149885412,120.28969551527891,0.0,1.0,77.9
00-0033536,Mike Williams,WR,,16.0,2,6.6875,114.35658423384749,131.9197730605639,0.0,1.0,
00-0033537,Deshaun Watson,QB,,13.0,2,15.55,243.4300095858933,321.7482669128458,0.0,1.0,
00-0033555,Mack Hollins,WR,,39.0,3,6.546153846153847,112.37292173605672,131.9197730605639,0.0,1.0,113.4
00-0033572,Jamal Agnew,WR,,8.0,1,5.0375,105.22961231179664,131.9197730605639,0.0,1.0,
00-0033576,Eric Saubert,TE,,16.0,3,2.375,60.86781611010073,135.33631781619692,0.0,1.0,7.1
00-0033589,David Moore,WR,,21.0,3,5.152380952380953,99.4543431211654,131.9197730605639,0.0,1.0,2.7
00-0033591,Noah Brown,WR,,25.0,3,8.048,128.31245598739315,131.9197730605639,0.0,1.0,13.3
00-0033662,Cooper Rush,QB,,22.0,3,7.247727272727272,166.67290205239223,321.7482669128458,0.0,1.0,4.75
00-0033757,Robert Tonyan,TE,,12.0,2,1.941666666666667,60.63821841154369,135.33631781619692,0.0,1.0,1.1
00-0033854,Dare Ogunbowale,RB,,29.0,3,3.013793103448276,75.22469943172909,120.28969551527891,0.0,1.0,24.1
00-0033856,Leonard Fournette,RB,,2.0,1,2.0,109.29508191265609,120.28969551527891,0.0,1.0,
00-0033857,JuJu Smith-Schuster,WR,,38.0,3,4.936842105263158,93.14093880524295,131.9197730605639,0.0,1.0,73.5
00-0033858,Jonnu Smith,TE,,49.0,3,8.810204081632653,132.93338639266497,135.33631781619692,0.0,1.0,85.2
00-0033869,Mitchell Trubisky,QB,,16.0,3,7.643750000000001,178.18813368721578,321.7482669128458,0.0,1.0,40.25
00-0033891,Zay Jones,WR,,21.0,3,5.942857142857143,107.08137014819242,131.9197730605639,0.0,1.0,30.3
00-0033893,Dalvin Cook,RB,,16.0,2,2.7625,82.83473357586905,120.28969551527891,0.0,1.0,
00-0033895,Gerald Everett,TE,,24.0,2,5.1125,84.69175288808059,135.33631781619692,0.0,1.0,
00-0033925,D'Onta Foreman,RB,,19.0,2,6.515789473684211,114.39747069793742,120.28969551527891,0.0,1.0,
00-0033936,C.J. Beathard,QB,,6.0,1,4.491666666666666,185.50319445413206,321.7482669128458,0.0,1.0,
00-0033943,Josh Reynolds,WR,,29.0,3,6.493103448275862,112.033571010736,131.9197730605639,0.0,1.0,21.1
00-0033948,Jamaal Williams,RB,,26.0,2,3.7653846153846158,84.84789224828118,120.28969551527891,0.0,1.0,
00-0033949,Joshua Dobbs,QB,,19.0,3,15.184210526315786,243.64057937116868,321.7482669128458,0.0,1.0,2.75
00-0033955,Jeremy McNichols,RB,,29.0,2,4.568965517241379,92.26247720950688,120.28969551527891,0.0,1.0,70.7
00-0033958,Nathan Peterman,QB,,1.0,1,-0.4,212.71295752887676,321.7482669128458,0.0,1.0,
00-0034054,River Cracraft,WR,,10.0,2,4.07,97.39656521088922,131.9197730605639,0.0,1.0,
00-0034073,Ross Dwelley,TE,,6.0,3,1.0666666666666667,64.11682343287379,135.33631781619692,0.0,1.0,2.7
00-0034115,Jeff Wilson,RB,,16.0,2,3.24375,86.92535857586904,120.28969551527891,0.0,1.0,
00-0034159,Will Dissly,TE,,35.0,3,4.885714285714286,82.52490422594556,135.33631781619692,0.0,1.0,20.700000000000003
00-0034177,Tim Boyle,QB,,6.0,2,5.866666666666667,191.87819445413206,321.7482669128458,0.0,1.0,
00-0034193,Kevin Rader,TE,,2.0,1,0.8,73.83167308462352,135.33631781619692,0.0,1.0,
00-0034208,Mike Boone,RB,,12.0,2,1.6000000000000003,79.48969551527892,120.28969551527891,0.0,1.0,
00-0034270,Tyler Conklin,TE,,39.0,3,6.674358974358975,104.12491119133135,135.33631781619692,0.0,1.0,17.3
00-0034272,Marquez Valdes-Scantling,WR,,38.0,3,4.552631578947368,88.54464250894665,131.9197730605639,0.0,1.0,32.0
00-0034279,Equanimeous St. Brown,WR,,5.0,1,2.2399999999999998,96.70527121348188,131.9197730605639,0.0,1.0,
00-0034286,Richie James,WR,,8.0,1,2.675,91.84211231179665,131.9197730605639,0.0,1.0,
00-0034297,Byron Pringle,WR,,12.0,1,2.5083333333333333,84.00395341011141,131.9197730605639,0.0,1.0,
00-0034317,Keith Kirkwood,WR,,7.0,1,2.1,90.88307371665738,131.9197730605639,0.0,1.0,
00-0034353,Anthony Miller,WR,,1.0,1,2.6,110.85945267547761,131.9197730605639,0.0,1.0,
00-0034364,Jordan Akins,TE,,29.0,2,4.110344827586207,73.95933590051607,135.33631781619692,0.0,1.0,
00-0034365,Ian Thomas,TE,,17.0,3,2.2764705882352945,59.383942894643134,135.33631781619692,0.0,1.0,24.4
00-0034367,Nyheim Hines,RB,,1.0,1,-0.2,111.52420437810646,120.28969551527891,0.0,1.0,-0.2
00-0034386,Justin Watson,WR,,32.0,3,4.934375,94.26480615589833,131.9197730605639,0.0,1.0,6.0
00-0034401,Mike White,QB,,7.0,2,0.8857142857142856,162.1008816517785,321.7482669128458,0.0,1.0,
00-0034407,Ray-Ray McCloud,WR,,29.0,3,6.375862068965517,110.74912656629154,131.9197730605639,0.0,1.0,13.9
00-0034414,Boston Scott,RB,,10.0,1,1.78,84.68890286260807,120.28969551527891,0.0,1.0,
00-0034418,Cedrick Wilson Jr.,WR,,27.0,3,4.931481481481482,95.44094640658417,131.9197730605639,0.0,1.0,9.4
00-0034419,Braxton Berrios,WR,,18.0,3,3.755555555555556,87.9297263377388,131.9197730605639,0.0,1.0,9.7
00-0034433,Nick Bawden,RB,,5.0,1,2.3,99.75292735370522,120.28969551527891,0.0,1.0,
00-0034438,Logan Woodside,QB,,1.0,1,-0.04999999999999982,213.06295752887675,321.7482669128458,0.0,1.0,
00-0034487,Trent Sherfield,WR,,21.0,3,2.5238095238095237,74.09218095900323,131.9197730605639,0.0,1.0,5.1
00-0034521,Allen Lazard,WR,,34.0,3,6.1499999999999995,107.90221390966238,131.9197730605639,0.0,1.0,23.0
00-0034575,David Wells,TE,,1.0,1,1.0,77.57471267783667,135.33631781619692,0.0,1.0,
00-0034577,Kyle Allen,QB,,9.0,3,-0.07222222222222223,144.4748111196362,321.7482669128458,0.0,1.0,-0.30000000000000004
00-0034613,Tanner Hudson,TE,,31.0,3,5.370967741935484,87.92064075581327,135.33631781619692,0.0,1.0,47.8
00-0034646,Brandon Powell,WR,,20.0,2,4.159999999999999,90.41140820786441,131.9197730605639,0.0,1.0,
00-0034681,Chase Edmonds,RB,,13.0,1,3.053846153846154,88.76591291130379,120.28969551527891,0.0,1.0,
00-0034750,Rashaad Penny,RB,,3.0,1,1.6000000000000003,104.25849865409523,120.28969551527891,0.0,1.0,
00-0034764,Michael Gallup,WR,,16.0,1,5.487500000000001,104.1565842338475,131.9197730605639,0.0,1.0,
00-0034771,Mason Rudolph,QB,,16.0,3,12.621875,220.50219618721576,321.7482669128458,0.0,1.0,22.1
00-0034777,DJ Chark,WR,,18.0,2,7.144444444444444,118.4297263377388,131.9197730605639,0.0,1.0,
00-0034791,Nick Chubb,RB,,25.0,3,6.988,118.76125547384902,120.28969551527891,0.0,1.0,88.3
00-0034798,Durham Smythe,TE,,30.0,3,3.0799999999999996,62.447176424417904,135.33631781619692,0.0,1.0,6.5
00-0034829,Mike Gesicki,TE,,43.0,3,6.455813953488373,102.0503409410716,135.33631781619692,0.0,1.0,70.7
00-0034830,Hayden Hurst,TE,,16.0,2,3.60625,71.33344111010074,135.33631781619692,0.0,1.0,
00-0034838,Royce Freeman,RB,,9.0,1,5.133333333333334,107.38845897711239,120.28969551527891,0.0,1.0,
00-0034854,KhaDarel Hodge,WR,,22.0,3,3.1545454545454548,79.47922882850314,131.9197730605639,0.0,1.0,6.1
00-0034860,Dante Pettis,WR,,12.0,2,4.141666666666667,95.90395341011141,131.9197730605639,0.0,1.0,19.700000000000003
00-0034867,Malik Turner,WR,,1.0,1,0.0,108.2594526754776,131.9197730605639,0.0,1.0,0.0
00-0034869,Sam Darnold,QB,,44.0,3,17.577272727272728,279.51200463318173,321.7482669128458,0.0,1.0,321.9
00-0034928,Steven Sims,WR,,4.0,3,1.4,96.78053477415598,131.9197730605639,0.0,1.0,0.0
00-0034955,Brett Rypien,QB,,3.0,2,2.8333333333333335,198.285277788995,321.7482669128458,0.0,1.0,0.0
00-0034959,Andrew Beck,TE,,21.0,3,2.657142857142857,60.820813933060094,135.33631781619692,0.0,1.0,23.0
00-0034970,Irv Smith,TE,,9.0,1,3.7222222222222223,74.85080462092894,135.33631781619692,0.0,1.0,
00-0034981,Foster Moreau,TE,,33.0,3,4.924242424242424,82.9442880719025,135.33631781619692,0.0,1.0,12.9
00-0034983,Hunter Renfrow,WR,,19.0,2,4.442105263157895,93.57744844237486,131.9197730605639,0.0,1.0,35.9
00-0035021,Ashton Dulin,WR,,14.0,2,2.8000000000000003,83.56035651610398,131.9197730605639,0.0,1.0,20.0
00-0035045,D.J. Montgomery,WR,,2.0,1,7.300000000000001,116.03392752683996,131.9197730605639,0.0,1.0,
00-0035100,Jake Browning,QB,,16.0,3,15.878125,248.18032118721578,321.7482669128458,0.0,1.0,68.45000000000002
00-0035120,Keelan Doss,WR,,2.0,1,4.65,111.02837197128441,131.9197730605639,0.0,1.0,
00-0035140,Mecole Hardman,WR,,15.0,3,4.0600000000000005,92.76486114461676,131.9197730605639,0.0,1.0,0.0
00-0035164,Cody Thompson,WR,,1.0,1,2.0,110.2594526754776,131.9197730605639,0.0,1.0,
00-0035184,Devine Ozigbo,RB,,1.0,1,2.3,114.02420437810646,120.28969551527891,0.0,1.0,
00-0035208,Olamide Zaccheaus,WR,,40.0,3,5.94,104.99304813362713,131.9197730605639,0.0,1.0,84.8
00-0035215,Deonte Harty,WR,,12.0,1,3.0,87.58609626725426,131.9197730605639,0.0,1.0,
00-0035228,Kyler Murray,QB,,30.0,3,21.916666666666668,321.7482669128458,321.7482669128458,0.0,1.0,99.39999999999999
00-0035243,Miles Sanders,RB,,31.0,3,6.1806451612903235,109.71301009420873,120.28969551527891,0.0,1.0,26.700000000000003
00-0035249,Josh Oliver,TE,,35.0,3,4.974285714285714,83.5582375592789,135.33631781619692,0.0,1.0,55.0
00-0035259,Trevon Wesco,TE,,3.0,1,1.0333333333333334,71.28790081701175,135.33631781619692,0.0,1.0,
00-0035264,Jarrett Stidham,QB,,5.0,3,7.199999999999998,201.66287038051928,321.7482669128458,0.0,1.0,-0.1
00-0035282,Easton Stick,QB,,5.0,1,16.970000000000002,241.2081084757574,321.7482669128458,0.0,1.0,
00-0035289,Gardner Minshew,QB,,29.0,3,13.370689655172415,226.99267284424232,321.7482669128458,0.0,1.0,0.0500000000000001
00-0035291,Trayveon Williams,RB,,19.0,2,1.6842105263157894,69.808899269366,120.28969551527891,0.0,1.0,17.1
00-0035298,Scott Miller,WR,,18.0,3,3.677777777777778,87.22972633773881,131.9197730605639,0.0,1.0,15.2
00-0035311,Myles Gaskin,RB,,3.0,2,0.8666666666666667,102.29007760146365,120.28969551527891,0.0,1.0,0.6000000000000001
00-0035329,Donald Parham,TE,,13.0,1,6.115384615384615,91.49207294907667,135.33631781619692,0.0,1.0,
00-0035341,Trenton Irwin,WR,,14.0,2,4.792857142857143,99.370356516104,131.9197730605639,0.0,1.0,
00-0035359,David Sills,WR,,12.0,1,4.091666666666667,95.53966769582568,131.9197730605639,0.0,1.0,49.1
00-0035406,Lil'Jordan Humphrey,WR,,32.0,3,4.565625,90.08563948923165,131.9197730605639,0.0,1.0,34.6
00-0035414,Jalen Guyton,WR,,7.0,1,3.557142857142857,98.42220415143998,131.9197730605639,0.0,1.0,
00-0035480,Malik Taylor,WR,,2.0,1,1.65,105.36170530461776,131.9197730605639,0.0,1.0,
00-0035500,Greg Dortch,WR,,36.0,3,6.386111111111111,110.55212875929077,131.9197730605639,0.0,1.0,75.1
00-0035535,Darius Slayton,WR,,47.0,3,7.570212765957447,125.22239199179555,131.9197730605639,0.0,1.0,94.80000000000001
00-0035537,Ty Johnson,RB,,41.0,3,5.395121951219512,99.29318376189138,120.28969551527891,0.0,1.0,97.1
00-0035544,Tom Kennedy,WR,,2.0,2,3.8,109.42281641572886,131.9197730605639,0.0,1.0,7.6
00-0035547,Joseph Fortson,TE,,3.0,1,0.5,69.85632186964332,135.33631781619692,0.0,1.0,
00-0035562,Jesper Horsted,TE,,1.0,1,1.4,77.97471267783666,135.33631781619692,0.0,1.0,
00-0035567,Craig Reynolds,RB,,14.0,3,3.7785714285714285,93.28704914759366,120.28969551527891,0.0,1.0,0.4
00-0035593,Juwann Winfree,WR,,1.0,1,0.0,108.2594526754776,131.9197730605639,0.0,1.0,
00-0035594,Travis Homer,RB,,6.0,3,1.0333333333333334,91.12324883762771,120.28969551527891,0.0,1.0,-0.2
00-0035602,Alex Bachman,WR,,4.0,2,2.325,99.92553477415598,131.9197730605639,0.0,1.0,3.2
00-0035628,D'Ernest Johnson,RB,,32.0,3,2.2875,65.49398905057937,120.28969551527891,0.0,1.0,2.5
00-0035631,Drew Sample,TE,,36.0,3,3.2972222222222225,63.83980991390815,135.33631781619692,0.0,1.0,31.900000000000002
00-0035639,Parris Campbell,WR,,12.0,2,3.783333333333333,93.29323912439712,131.9197730605639,0.0,1.0,
00-0035644,Noah Fant,TE,,41.0,3,6.151219512195122,98.05561606181095,135.33631781619692,0.0,1.0,74.8
00-0035645,Gunner Olszewski,WR,,6.0,2,6.191666666666666,112.36184979468726,131.9197730605639,0.0,1.0,38.15
00-0035657,Damien Harris,RB,,6.0,1,3.1666666666666665,101.01415792853679,120.28969551527891,0.0,1.0,
00-0035689,Dawson Knox,TE,,40.0,3,5.335,88.02803777720042,135.33631781619692,0.0,1.0,101.7
00-0035703,Miles Boykin,WR,,4.0,1,1.175,96.01553477415598,131.9197730605639,0.0,1.0,
00-0035704,Drew Lock,QB,,14.0,3,10.117857142857146,201.03234259969685,321.7482669128458,0.0,1.0,0.25
00-0035710,Daniel Jones,QB,,29.0,3,18.455172413793104,282.69600617757567,321.7482669128458,0.0,1.0,293.15000000000003
00-0035715,Derrick Gore,RB,,2.0,1,1.3,107.97285969043386,120.28969551527891,0.0,1.0,
00-0035726,Jakob Johnson,RB,,1.0,1,2.2,113.92420437810647,120.28969551527891,0.0,1.0,
00-0035771,Mitchell Wilcox,TE,,9.0,1,1.6222222222222225,61.998804620928944,135.33631781619692,0.0,1.0,
00-0035806,JaMycal Hasty,RB,,10.0,2,2.88,91.88121055491575,120.28969551527891,0.0,1.0,
00-0035831,James Robinson,RB,,1.0,1,1.0,112.72420437810645,120.28969551527891,0.0,1.0,
00-0035860,Tony Jones,RB,,7.0,2,6.242857142857143,114.87875975773086,120.28969551527891,0.0,1.0,
00-0035876,Andre Baccellia,WR,,2.0,1,1.4,104.88948308239553,131.9197730605639,0.0,1.0,2.8
00-0035891,Cody White,WR,,4.0,2,6.1,112.76053477415597,131.9197730605639,0.0,1.0,18.0
00-0035924,Jonathan Ward,RB,,3.0,2,1.1,102.91639339093734,120.28969551527891,0.0,1.0,
00-0035934,Trishton Jackson,WR,,2.0,1,1.45,104.98392752683998,131.9197730605639,0.0,1.0,
00-0035956,Giovanni Ricci,TE,,2.0,2,0.6,73.45389530684574,135.33631781619692,0.0,1.0,0.0
00-0035973,Patrick Taylor,RB,,15.0,2,3.9866666666666664,94.06166046541321,120.28969551527891,0.0,1.0,
00-0035976,Dan Chisena,WR,,3.0,1,2.2333333333333334,102.85845765700628,131.9197730605639,0.0,1.0,
00-0035993,Tyler Huntley,QB,,15.0,3,10.466666666666667,202.96517025777115,321.7482669128458,0.0,1.0,48.4
00-0036020,Salvon Ahmed,RB,,7.0,1,6.128571428571429,114.28745540990477,120.28969551527891,0.0,1.0,
00-0036032,Sean McKeon,TE,,2.0,1,0.0,72.32056197351241,135.33631781619692,0.0,1.0,
00-0036040,Juwan Johnson,TE,,45.0,3,8.9,132.9552477954627,135.33631781619692,0.0,1.0,179.9
00-0036096,J.J. Taylor,RB,,3.0,1,2.1333333333333333,105.69007760146366,120.28969551527891,0.0,1.0,
00-0036133,James Proche,WR,,10.0,3,1.7600000000000002,82.29271905704307,131.9197730605639,0.0,1.0,12.5
00-0036145,Lawrence Cager,TE,,3.0,1,4.533333333333333,80.682637659117,135.33631781619692,0.0,1.0,
00-0036165,Isaiah Hodgins,WR,,22.0,3,4.122727272727273,89.0081761969242,131.9197730605639,0.0,1.0,27.5
00-0036176,Mason Kinsey,WR,,5.0,3,2.4200000000000004,97.43384264205329,131.9197730605639,0.0,1.0,6.800000000000001
00-0036182,Nick Westbrook-Ikhine,WR,,35.0,3,6.817142857142857,115.61981755849253,131.9197730605639,0.0,1.0,19.9
00-0036183,Kristian Wilkerson,WR,,1.0,1,9.8,118.0594526754776,131.9197730605639,0.0,1.0,
00-0036187,Reggie Gilliam,RB,,6.0,3,1.1333333333333335,91.58688520126408,120.28969551527891,0.0,1.0,4.800000000000001
00-0036196,Gabe Davis,WR,,31.0,3,7.87741935483871,127.48533394644936,131.9197730605639,0.0,1.0,30.9
00-0036212,Tua Tagovailoa,QB,,42.0,3,20.146428571428572,310.47362548260185,321.7482669128458,0.0,1.0,225.3
00-0036232,Harrison Bryant,TE,,22.0,3,2.6454545454545455,60.29395040850588,135.33631781619692,0.0,1.0,2.7
00-0036233,Donovan Peoples-Jones,WR,,12.0,1,2.375,83.03252483868283,131.9197730605639,0.0,1.0,
00-0036244,Colby Parkinson,TE,,43.0,3,5.974418604651164,96.08593416141059,135.33631781619692,0.0,1.0,129.8
00-0036265,AJ Dillon,RB,,20.0,2,6.335,112.5892076229947,120.28969551527891,0.0,1.0,9.1
00-0036268,Laviska Shenault Jr.,WR,,14.0,2,2.157142857142857,78.46035651610399,131.9197730605639,0.0,1.0,
00-0036269,La'Mical Perine,RB,,2.0,1,7.0,118.73952635710053,120.28969551527891,0.0,1.0,
00-0036271,Quez Watkins,WR,,5.0,1,7.040000000000001,116.13384264205331,131.9197730605639,0.0,1.0,
00-0036290,Cole Kmet,TE,,45.0,3,8.360000000000001,126.18311664792172,135.33631781619692,0.0,1.0,76.7
00-0036297,Darrynton Evans,RB,,7.0,2,4.328571428571428,104.97441193164389,120.28969551527891,0.0,1.0,
00-0036309,Darnell Mooney,WR,,45.0,3,7.875555555555555,128.93788025382162,131.9197730605639,0.0,1.0,82.30000000000001
00-0036326,Chase Claypool,WR,,7.0,1,3.1,96.05698676013564,131.9197730605639,0.0,1.0,
00-0036328,Antonio Gibson,RB,,38.0,3,6.526315789473684,113.24650878570017,120.28969551527891,0.0,1.0,17.200000000000003
00-0036331,Devin Duvernay,WR,,19.0,3,1.6368421052631579,67.68887701380342,131.9197730605639,0.0,1.0,4.6
00-0036332,Josiah Deguara,TE,,11.0,3,2.727272727272727,67.10259687123049,135.33631781619692,0.0,1.0,11.1
00-0036336,Anthony McFarland,RB,,1.0,1,3.1,114.82420437810646,120.28969551527891,0.0,1.0,
00-0036345,K.J. Osborn,WR,,21.0,2,6.604761904761904,113.4678566346789,131.9197730605639,0.0,1.0,
00-0036360,Clyde Edwards-Helaire,RB,,19.0,3,4.436842105263158,95.21175641222312,120.28969551527891,0.0,1.0,4.2
00-0036364,Lynn Bowden,WR,,8.0,1,2.8125,92.62127897846332,131.9197730605639,0.0,1.0,
00-0036370,Joshua Kelley,RB,,18.0,2,3.438888888888889,86.81210218905323,120.28969551527891,0.0,1.0,
00-0036387,Jalen Reagor,WR,,16.0,2,2.325,77.27533423384749,131.9197730605639,0.0,1.0,
00-0036414,Cam Akers,RB,,23.0,3,6.495652173913044,113.82337113917461,120.28969551527891,0.0,1.0,9.5
00-0036415,Van Jefferson,WR,,43.0,3,4.067441860465117,81.58831687259524,131.9197730605639,0.0,1.0,70.0
00-0036422,Adam Trautman,TE,,40.0,3,3.7424999999999997,68.69053777720042,135.33631781619692,0.0,1.0,45.5
00-0036423,Albert Okwuegbunam,TE,,2.0,2,4.3,80.44278419573463,135.33631781619692,0.0,1.0,8.6
00-0036424,Brycen Hopkins,TE,,4.0,1,3.2,75.96850577616118,135.33631781619692,0.0,1.0,
00-0036425,DeeJay Dallas,RB,,19.0,3,1.5421052631578949,68.49747069793742,120.28969551527891,0.0,1.0,2.1
00-0036427,Tyler Johnson,WR,,21.0,3,5.123809523809523,99.17866744548972,131.9197730605639,0.0,1.0,37.7
00-0036429,Charlie Woerner,TE,,17.0,3,1.8,55.21121562191586,135.33631781619692,0.0,1.0,12.8
00-0036438,Stephen Sullivan,TE,,11.0,2,2.227272727272727,63.63963390826753,135.33631781619692,0.0,1.0,
00-0036450,Ke'Shawn Vaughn,RB,,6.0,2,1.1333333333333335,91.58688520126408,120.28969551527891,0.0,1.0,
00-0036463,Chris Blair,WR,,2.0,1,1.35,104.7950386379511,131.9197730605639,0.0,1.0,
00-0036482,Mike Strachan,WR,,2.0,1,2.75,107.43948308239553,131.9197730605639,0.0,1.0,
00-0036493,Deon Jackson,RB,,2.0,1,2.0,109.29508191265609,120.28969551527891,0.0,1.0,
00-0036497,Tim Jones,WR,,13.0,3,2.223076923076923,80.40381708562481,131.9197730605639,0.0,1.0,2.5
00-0036510,Kenny Yeboah,TE,,8.0,2,2.5625,68.76125481346764,135.33631781619692,0.0,1.0,
00-0036527,DJ Turner,WR,,10.0,1,4.71,101.5811805955046,131.9197730605639,0.0,1.0,
00-0036534,Shane Zylstra,TE,,2.0,2,4.1,80.06500641795685,135.33631781619692,0.0,1.0,5.0
00-0036550,Rashod Bateman,WR,,44.0,3,6.920454545454546,116.94851159138534,131.9197730605639,0.0,1.0,53.400000000000006
00-0036556,Brevin Jordan,TE,,11.0,2,4.872727272727274,81.96185613048976,135.33631781619692,0.0,1.0,
00-0036567,Elijah Mitchell,RB,,12.0,2,3.9583333333333335,96.67183837242176,120.28969551527891,0.0,1.0,0.0
00-0036569,Gary Brightwell,RB,,3.0,1,3.866666666666667,110.34270918041102,120.28969551527891,0.0,1.0,
00-0036590,Quintin Morris,TE,,12.0,3,3.5583333333333336,72.41678984011511,135.33631781619692,0.0,1.0,17.5
00-0036620,Dee Eskridge,WR,,11.0,3,1.6454545454545455,79.55965538826368,131.9197730605639,0.0,1.0,10.2
00-0036626,Dyami Brown,WR,,38.0,3,4.002631578947369,81.96501287931704,131.9197730605639,0.0,1.0,49.7
00-0036628,John Bates,TE,,33.0,3,2.296969696969697,52.86469623516782,135.33631781619692,0.0,1.0,27.3
00-0036630,Tylan Wallace,WR,,16.0,3,3.30625,85.61595923384748,131.9197730605639,0.0,1.0,14.5
00-0036635,Ihmir Smith-Marsette,WR,,8.0,2,3.3125,95.45461231179665,131.9197730605639,0.0,1.0,
00-0036637,Noah Gray,TE,,45.0,3,4.948888888888889,83.40442812333153,135.33631781619692,0.0,1.0,38.8
00-0036640,Zach Davidson,TE,,2.0,1,0.75,73.73722864017907,135.33631781619692,0.0,1.0,
00-0036646,Simi Fehoko,WR,,6.0,2,4.083333333333333,102.58684979468725,131.9197730605639,0.0,1.0,
00-0036670,Jermar Jefferson,RB,,2.0,1,2.1,109.48397080154497,120.28969551527891,0.0,1.0,
00-0036679,Shane Buechele,QB,,1.0,1,4.800000000000001,217.91295752887675,321.7482669128458,0.0,1.0,4.800000000000001
00-0036741,Jack Stoll,TE,,15.0,3,1.8933333333333335,57.56677792010398,135.33631781619692,0.0,1.0,16.6
00-0036754,Brock Wright,TE,,25.0,3,3.9960000000000004,73.17244184202985,135.33631781619692,0.0,1.0,36.8
00-0036755,Jaret Patterson,RB,,6.0,1,4.283333333333333,106.19143065580953,120.28969551527891,0.0,1.0,25.7
00-0036825,Feleipe Franks,TE,,5.0,2,0.52,64.0938150249154,135.33631781619692,0.0,1.0,0.4
00-0036841,Austin Trammell,WR,,8.0,3,2.5625,91.20461231179667,131.9197730605639,0.0,1.0,7.6000000000000005
00-0036842,Kene Nwangwu,RB,,6.0,3,1.0333333333333334,91.12324883762771,120.28969551527891,0.0,1.0,4.9
00-0036849,Tutu Atwell,WR,,37.0,3,6.445945945945946,111.22473010345507,131.9197730605639,0.0,1.0,31.200000000000003
00-0036857,Chris Evans,RB,,1.0,1,2.1,113.82420437810646,120.28969551527891,0.0,1.0,
00-0036860,Jake Funk,RB,,1.0,1,3.2,114.92420437810645,120.28969551527891,0.0,1.0,
00-0036862,Ben Skowronek,WR,,19.0,3,2.6473684210526316,77.0145912995177,131.9197730605639,0.0,1.0,16.9
00-0036876,Kylen Granson,TE,,33.0,3,3.5212121212121215,66.88102276578007,135.33631781619692,0.0,1.0,11.0
00-0036877,Jaelon Darden,WR,,1.0,1,1.6,109.8594526754776,131.9197730605639,0.0,1.0,
00-0036887,Luke Farrell,TE,,28.0,3,2.7392857142857143,59.21977535280053,135.33631781619692,0.0,1.0,29.5
00-0036894,Pat Freiermuth,TE,,43.0,3,8.295348837209303,124.84186636480041,135.33631781619692,0.0,1.0,113.6
00-0036898,Davis Mills,QB,,15.0,3,7.933333333333334,182.1264605803518,321.7482669128458,0.0,1.0,85.75
00-0036906,Khalil Herbert,RB,,23.0,3,6.460869565217391,113.47465319045666,120.28969551527891,0.0,1.0,6.6000000000000005
00-0036913,Kadarius Toney,WR,,15.0,2,3.506666666666667,88.21324824139096,131.9197730605639,0.0,1.0,
00-0036924,Michael Carter,RB,,31.0,3,6.2451612903225815,110.43641434952788,120.28969551527891,0.0,1.0,99.00000000000001
00-0036928,Kyle Trask,QB,,5.0,2,-0.05,172.31763228528118,321.7482669128458,0.0,1.0,
00-0036936,Rondale Moore,WR,,17.0,1,6.176470588235294,109.86093016615513,131.9197730605639,0.0,1.0,
00-0036945,Justin Fields,QB,,32.0,3,18.3515625,283.4618807914772,321.7482669128458,0.0,1.0,159.25
00-0036955,Terrace Marshall Jr.,WR,,13.0,2,3.076923076923077,86.91071363734893,131.9197730605639,0.0,1.0,
00-0036959,Michael Bandy,WR,,3.0,1,5.0,110.28477344647997,131.9197730605639,0.0,1.0,15.0
00-0036972,Mac Jones,QB,,32.0,3,14.060937500000001,234.8347974581439,321.7482669128458,0.0,1.0,175.55
00-0036980,Elijah Moore,WR,,41.0,3,6.86829268292683,116.27387185058105,131.9197730605639,0.0,1.0,28.6
00-0036984,Trey Sermon,RB,,22.0,2,3.3681818181818177,83.13188090599498,120.28969551527891,0.0,1.0,
00-0036988,Josh Palmer,WR,,37.0,3,7.091891891891891,118.89076783930413,131.9197730605639,0.0,1.0,52.3
00-0036991,Amari Rodgers,WR,,1.0,1,0.0,108.2594526754776,131.9197730605639,0.0,1.0,
00-0036254,Collin Johnson,WR,,3.0,2,1.2333333333333334,100.1742471306905,131.9197730605639,0.0,1.0,
00-0037005,Tommy Tremble,TE,,38.0,3,4.7552631578947375,80.99389102820786,135.33631781619692,0.0,1.0,63.900000000000006
00-0037012,Trey Lance,QB,,8.0,2,3.9000000000000004,173.05501158295442,321.7482669128458,0.0,1.0,15.8
00-0037013,Zach Wilson,QB,,15.0,2,10.423333333333334,202.6087186448679,321.7482669128458,0.0,1.0,1.7000000000000002
00-0037015,Sal Cannella,TE,,2.0,1,1.55,75.24833975129019,135.33631781619692,0.0,1.0,3.1
00-0037077,Sam Howell,QB,,18.0,2,18.577777777777776,273.7564787644383,321.7482669128458,0.0,1.0,
00-0037078,Cole Turner,TE,,7.0,1,3.2857142857142856,73.59870067492275,135.33631781619692,0.0,1.0,
00-0037085,Tyler Badie,RB,,16.0,2,2.8000000000000003,83.15348357586905,120.28969551527891,0.0,1.0,35.400000000000006
00-0037086,Grant Calcaterra,TE,,23.0,3,3.926086956521739,72.74025937239034,135.33631781619692,0.0,1.0,22.6
00-0037093,Dareke Young,WR,,4.0,2,1.7000000000000002,97.80053477415598,131.9197730605639,0.0,1.0,6.800000000000001
00-0037098,Samori Toure,WR,,9.0,2,1.9000000000000001,85.24442781932478,131.9197730605639,0.0,1.0,1.3
00-0037112,Jake Tonges,TE,,9.0,1,10.366666666666667,115.51480462092896,135.33631781619692,0.0,1.0,93.3
00-0037120,Tyler Goodson,RB,,20.0,3,3.3850000000000002,84.72809651188359,120.28969551527891,0.0,1.0,5.2
00-0037132,Britain Covey,WR,,6.0,3,3.766666666666667,101.11866797650545,131.9197730605639,0.0,1.0,4.0
00-0037156,Irvin Charles,WR,,2.0,2,0.0,102.24503863795108,131.9197730605639,0.0,1.0,
00-0024243,Marcedes Lewis,TE,,6.0,2,2.35,70.06682343287379,135.33631781619692,0.0,1.0,
00-0040691,Jaxson Dart,QB,,14.0,1,20.87857142857143,286.4006759330302,321.7482669128458,0.0,1.0,292.3
00-0037216,Justyn Ross,WR,,6.0,2,1.8833333333333335,92.38684979468727,131.9197730605639,0.0,1.0,
00-0026158,Joe Flacco,QB,,24.0,3,19.962500000000002,294.19050694977267,321.7482669128458,0.0,1.0,197.45
00-0037231,Kevin Austin Jr.,WR,,13.0,2,4.615384615384615,98.63485156838343,131.9197730605639,0.0,1.0,33.0
00-0026300,Josh Johnson,QB,,7.0,2,4.435714285714286,180.4682729561263,321.7482669128458,0.0,1.0,30.1
00-0026625,Brian Hoyer,QB,,2.0,1,3.6250000000000004,208.1205709994947,321.7482669128458,0.0,1.0,
00-0027696,Jimmy Graham,TE,,5.0,1,6.779999999999999,89.43191026301064,135.33631781619692,0.0,1.0,
00-0027944,Julio Jones,WR,,8.0,1,4.55,102.46711231179665,131.9197730605639,0.0,1.0,
00-0027948,Blaine Gabbert,QB,,2.0,1,3.875,208.59279322171693,321.7482669128458,0.0,1.0,
00-0037252,Greg Dulcich,TE,,14.0,3,5.435714285714285,86.51567051744077,135.33631781619692,0.0,1.0,62.8
00-0027973,Andy Dalton,QB,,11.0,3,11.686363636363637,215.12112140707055,321.7482669128458,0.0,1.0,14.45
00-0037257,David Bell,WR,,10.0,2,5.44,106.35425751858153,131.9197730605639,0.0,1.0,
00-0037258,Dameon Pierce,RB,,25.0,3,4.951999999999999,97.65637742506851,120.28969551527891,0.0,1.0,3.6
00-0028002,Randall Cobb,WR,,9.0,1,1.6555555555555557,83.74842781932479,131.9197730605639,0.0,1.0,
00-0037263,Tyler Allgeier,RB,,51.0,3,7.113725490196079,120.40166379743,120.28969551527891,0.11196828215109633,1.0,123.0
00-0028118,Tyrod Taylor,QB,,18.0,3,11.847222222222221,213.18147876443834,321.7482669128458,0.0,1.0,77.25
00-0037273,Kyle Philips,WR,,8.0,1,4.1375,100.12961231179665,131.9197730605639,0.0,1.0,
00-0037276,Ty Chandler,RB,,25.0,3,5.528,103.6271091323856,120.28969551527891,0.0,1.0,8.8
00-0037277,Teagan Quitoriano,TE,,3.0,1,1.7666666666666668,73.25632186964333,135.33631781619692,0.0,1.0,
00-0037282,James Mitchell,TE,,4.0,2,2.6500000000000004,74.09850577616118,135.33631781619692,0.0,1.0,5.800000000000001
00-0037286,Kevin Harris,RB,,4.0,1,5.325,113.07057372139049,120.28969551527891,0.0,1.0,
00-0037291,Jalen Nailor,WR,,34.0,3,6.1647058823529415,108.0722139096624,131.9197730605639,0.0,1.0,98.7
00-0037292,Andrew Ogletree,TE,,25.0,3,2.972,62.55780769568838,135.33631781619692,0.0,1.0,12.7
00-0037299,Keaontay Ingram,RB,,7.0,1,2.0,92.92658584468737,120.28969551527891,0.0,1.0,
00-0037300,Mike Woods,WR,,5.0,1,2.7,98.56717597538665,131.9197730605639,0.0,1.0,
00-0037306,John FitzPatrick,TE,,12.0,3,2.3833333333333333,63.85607555440083,135.33631781619692,0.0,1.0,25.2
00-0037311,Ko Kieft,TE,,3.0,1,2.4,74.95632186964333,135.33631781619692,0.0,1.0,
00-0037317,Nick Muse,TE,,1.0,1,3.2,79.77471267783667,135.33631781619692,0.0,1.0,
00-0037324,Chris Oladokun,QB,,4.0,2,4.0125,194.78851389954525,321.7482669128458,0.0,1.0,15.55
00-0037327,Skylar Thompson,QB,,2.0,1,4.875,210.4816821106058,321.7482669128458,0.0,1.0,
00-0028986,Case Keenum,QB,,2.0,1,7.325,215.10945988838358,321.7482669128458,0.0,1.0,
00-0037340,Zaire Mitchell-Paden,TE,,3.0,1,1.2333333333333334,71.82474292227492,135.33631781619692,0.0,1.0,3.7
00-0037348,Tanner Conner,TE,,9.0,2,2.5222222222222226,67.50680462092893,135.33631781619692,0.0,1.0,18.1
00-0037382,Brandon Johnson,WR,,11.0,2,6.663636363636365,114.31521094381925,131.9197730605639,0.0,1.0,
00-0037410,Jashaun Corbin,RB,,1.0,1,4.300000000000001,116.02420437810645,120.28969551527891,0.0,1.0,
00-0037420,Kwamie Lassiter II,WR,,1.0,1,1.2,109.4594526754776,131.9197730605639,0.0,1.0,
00-0037422,Kendric Pryor,WR,,1.0,1,1.9,110.15945267547761,131.9197730605639,0.0,1.0,
00-0037429,Raheem Blackshear,RB,,11.0,2,2.1,84.88931386769664,120.28969551527891,0.0,1.0,
00-0037450,Tyreik McAllister,WR,,1.0,1,1.1,109.3594526754776,131.9197730605639,0.0,1.0,
00-0037451,Rod Williams,TE,,1.0,1,0.0,76.57471267783667,135.33631781619692,0.0,1.0,
00-0037475,Stone Smartt,TE,,22.0,3,3.6136363636363638,69.82289777692692,135.33631781619692,0.0,1.0,12.2
00-0037487,Deven Thompkins,WR,,18.0,3,2.655555555555556,78.02972633773881,131.9197730605639,0.0,1.0,6.2
00-0037506,Cole Fotheringham,TE,,1.0,1,1.6,78.17471267783667,135.33631781619692,0.0,1.0,
00-0037509,Sincere McCormick,RB,,4.0,1,6.800000000000001,118.08557372139049,120.28969551527891,0.0,1.0,
00-0037524,Tay Martin,WR,,3.0,2,5.400000000000001,111.3584576570063,131.9197730605639,0.0,1.0,4.300000000000001
00-0029239,Brandon Bolden,RB,,3.0,1,3.033333333333333,108.10586707514786,120.28969551527891,0.0,1.0,
00-0037539,Lucas Krull,TE,,19.0,3,3.2210526315789476,66.91914615780638,135.33631781619692,0.0,1.0,3.5
00-0029263,Russell Wilson,QB,,32.0,3,19.6671875,298.37229745814386,321.7482669128458,0.0,1.0,64.15
00-0037557,Ronnie Rivers,RB,,14.0,3,3.0714285714285716,87.67704914759365,120.28969551527891,0.0,1.0,4.6000000000000005
00-0037563,Malik Davis,RB,,9.0,1,4.511111111111111,103.58045897711239,120.28969551527891,0.0,1.0,40.6
00-0037569,Peyton Hendershot,TE,,11.0,2,1.6272727272727274,59.484078352711975,135.33631781619692,0.0,1.0,
00-0037594,Julius Chestnut,RB,,14.0,2,1.2357142857142858,73.11371581426033,120.28969551527891,0.0,1.0,4.0
00-0037609,Aaron Shampklin,RB,,3.0,1,0.5666666666666668,101.48481444356892,120.28969551527891,0.0,1.0,
00-0037614,John Metchie III,WR,,36.0,3,4.430555555555555,87.53674414390615,131.9197730605639,0.0,1.0,71.9
00-0037617,Hassan Haskins,RB,,16.0,2,2.675,82.09098357586905,120.28969551527891,0.0,1.0,10.0
00-0037654,Tucker Fisk,TE,,12.0,3,1.3916666666666668,56.63107555440084,135.33631781619692,0.0,1.0,3.9000000000000004
00-0029293,Marvin Jones,WR,,4.0,1,1.625,97.54553477415598,131.9197730605639,0.0,1.0,
00-0037666,Jalen Tolbert,WR,,41.0,3,6.270731707317074,108.9668543067214,131.9197730605639,0.0,1.0,44.3
00-0023459,Aaron Rodgers,QB,,34.0,3,19.23088235294118,294.7674055598182,321.7482669128458,0.0,1.0,306.30000000000007
00-0037741,Jahan Dotson,WR,,45.0,3,4.820000000000001,90.6182081226741,131.9197730605639,0.0,1.0,50.2
00-0037742,Treylon Burks,WR,,22.0,3,3.472727272727273,82.61080777587158,131.9197730605639,0.0,1.0,29.0
00-0029701,Ryan Tannehill,QB,,9.0,1,11.57777777777778,215.77281111963623,321.7482669128458,0.0,1.0,
00-0037745,Velus Jones Jr.,WR,,13.0,3,1.3230769230769233,73.54519639596964,131.9197730605639,0.0,1.0,3.2
00-0030068,Marquise Goodwin,WR,,10.0,1,1.4,79.93887290319691,131.9197730605639,0.0,1.0,
00-0037755,Jelani Woods,TE,,2.0,1,0.7,73.64278419573463,135.33631781619692,0.0,1.0,1.4
00-0037801,KaVontae Turpin,WR,,42.0,3,5.628571428571429,101.0208740600538,131.9197730605639,0.0,1.0,84.5
00-0037805,Jeremy Ruckert,TE,,36.0,3,2.927777777777778,59.49173299083123,135.33631781619692,0.0,1.0,45.8
00-0037809,Chig Okonkwo,TE,,50.0,3,6.98,109.61772902307914,135.33631781619692,0.0,1.0,124.0
00-0030431,Robert Woods,WR,,25.0,2,5.104,97.79538281666146,131.9197730605639,0.0,1.0,
00-0037827,Tyrion Davis-Price,RB,,2.0,2,1.4000000000000001,108.16174857932275,120.28969551527891,0.0,1.0,
00-0030513,Latavius Murray,RB,,15.0,1,5.526666666666667,106.72940240089709,120.28969551527891,0.0,1.0,
00-0037837,Calvin Austin III,WR,,45.0,3,5.637777777777778,100.87394582759212,131.9197730605639,0.0,1.0,86.2
00-0037838,Isaiah Likely,TE,,39.0,3,7.346153846153846,112.22309300951315,135.33631781619692,0.0,1.0,61.7
00-0030533,Matt Barkley,QB,,1.0,1,-0.30000000000000004,212.81295752887675,321.7482669128458,0.0,1.0,
00-0038040,Zamir White,RB,,26.0,3,4.338461538461538,90.87884462923355,120.28969551527891,0.0,1.0,9.600000000000001
00-0030565,Geno Smith,QB,,47.0,3,18.95425531914894,297.894766317316,321.7482669128458,0.0,1.0,240.15
00-0038045,Isaiah Spiller,RB,,9.0,1,2.111111111111111,88.8924589771124,120.28969551527891,0.0,1.0,
00-0038046,Charlie Kolar,TE,,24.0,3,3.591666666666667,69.17925288808058,135.33631781619692,0.0,1.0,36.2
00-0038090,Skyy Moore,WR,,22.0,3,3.1136363636363638,79.07659724955577,131.9197730605639,0.0,1.0,14.8
00-0038092,Erik Ezukanma,WR,,3.0,2,0.7333333333333334,98.8321418675326,131.9197730605639,0.0,1.0,
00-0038098,Pierre Strong,RB,,24.0,2,3.25,80.63278686069523,120.28969551527891,0.0,1.0,
00-0038102,Kenny Pickett,QB,,23.0,3,8.110869565217392,174.21205841002322,321.7482669128458,0.0,1.0,11.600000000000001
00-0038104,Tyquan Thornton,WR,,24.0,3,4.862500000000001,95.607767387078,131.9197730605639,0.0,1.0,80.80000000000001
00-0038108,Bailey Zappe,QB,,11.0,2,9.509090909090908,200.0414917774409,321.7482669128458,0.0,1.0,
00-0038115,Daniel Bellinger,TE,,32.0,3,4.26875,75.49937740673383,135.33631781619692,0.0,1.0,59.6
00-0030578,Cordarrelle Patterson,RB,,25.0,2,2.9760000000000004,77.17345059580025,120.28969551527891,0.0,1.0,
00-0037004,Hunter Long,TE,,14.0,2,3.25,69.17567051744078,135.33631781619692,0.0,1.0,32.5
00-0038122,Desmond Ridder,QB,,20.0,2,13.000000000000004,223.41445216641404,321.7482669128458,0.0,1.0,
00-0030663,Willie Snead,WR,,2.0,1,1.7000000000000002,105.45614974906219,131.9197730605639,0.0,1.0,
00-0038128,Malik Willis,QB,,12.0,3,10.708333333333334,207.40786707110377,321.7482669128458,0.0,1.0,61.400000000000006
00-0038129,Cade Otton,TE,,45.0,3,8.384444444444444,126.48967402497088,135.33631781619692,0.0,1.0,122.2
00-0030874,Damien Williams,RB,,3.0,1,2.5,106.67428812777943,120.28969551527891,0.0,1.0,
00-0038359,Xavier Smith,WR,,13.0,2,4.1923076923076925,95.41071363734893,131.9197730605639,0.0,1.0,48.3
00-0038389,Israel Abanikanda,RB,,6.0,1,3.0500000000000003,100.47324883762771,120.28969551527891,0.0,1.0,
00-0038391,Sean Clifford,QB,,2.0,1,0.8250000000000001,202.8316821106058,321.7482669128458,0.0,1.0,
00-0038393,Dontayvion Wicks,WR,,45.0,3,6.804444444444446,115.50509336857574,131.9197730605639,0.0,1.0,75.80000000000001
00-0038394,Will Mallory,TE,,19.0,3,2.5368421052631582,60.60486044352067,135.33631781619692,0.0,1.0,2.6
00-0038396,Eric Gray,RB,,15.0,2,2.1533333333333333,78.98101530412289,120.28969551527891,0.0,1.0,
00-0038397,Evan Hull,RB,,7.0,2,1.1571428571428573,88.56571627946998,120.28969551527891,0.0,1.0,6.4
00-0038400,Tanner McKee,QB,,6.0,2,9.758333333333335,209.9213762723139,321.7482669128458,0.0,1.0,18.500000000000004
00-0038416,Tyson Bagent,QB,,11.0,3,6.431818181818182,178.72852881447795,321.7482669128458,0.0,1.0,3.0500000000000003
00-0038440,Zavier Scott,WR,,9.0,1,4.355555555555556,100.2724278193248,131.9197730605639,0.0,1.0,39.2
00-0038454,Keaton Mitchell,RB,,21.0,3,6.290476190476191,112.02733714669756,120.28969551527891,0.0,1.0,55.400000000000006
00-0038458,Owen Wright,RB,,1.0,1,0.6000000000000001,112.32420437810646,120.28969551527891,0.0,1.0,0.6000000000000001
00-0038465,Malik Heath,WR,,22.0,3,3.627272727272727,84.13186040745052,131.9197730605639,0.0,1.0,14.6
00-0038476,Tommy DeVito,QB,,11.0,2,12.41818181818182,220.18963992558906,321.7482669128458,0.0,1.0,
00-0038477,Bryce Ford-Wheaton,WR,,1.0,1,0.0,108.2594526754776,131.9197730605639,0.0,1.0,
00-0038488,Brady Russell,RB,,1.0,1,0.0,111.72420437810645,120.28969551527891,0.0,1.0,0.0
00-0038489,Ben VanSumeren,RB,,1.0,1,1.0,112.72420437810645,120.28969551527891,0.0,1.0,
00-0038492,Jason Brownlee,WR,,5.0,2,3.3200000000000003,101.07669978491045,131.9197730605639,0.0,1.0,0.0
00-0038496,Xavier Gipson,WR,,23.0,3,3.2913043478260873,80.1874537303364,131.9197730605639,0.0,1.0,2.6
00-0038498,E.J. Jenkins,TE,,2.0,1,3.85,79.59278419573464,135.33631781619692,0.0,1.0,
00-0038507,Grant DuBose,WR,,2.0,1,1.55,105.17281641572886,131.9197730605639,0.0,1.0,
00-0038519,Nikko Remigio,WR,,2.0,2,5.5,112.63392752683997,131.9197730605639,0.0,1.0,4.2
00-0031235,Odell Beckham Jr.,WR,,22.0,2,5.545454545454546,103.01080777587157,131.9197730605639,0.0,1.0,
00-0031236,Brandin Cooks,WR,,39.0,3,7.505128205128205,123.93292173605673,131.9197730605639,0.0,1.0,51.900000000000006
00-0031237,Teddy Bridgewater,QB,,4.0,2,0.825,183.95101389954525,321.7482669128458,0.0,1.0,3.5
00-0038547,Luke Schoonmaker,TE,,35.0,3,3.165714285714286,62.45823755927889,135.33631781619692,0.0,1.0,27.200000000000003
00-0038550,Hendon Hooker,QB,,3.0,1,1.1,193.63264621004762,321.7482669128458,0.0,1.0,
00-0038551,Kendre Miller,RB,,20.0,3,5.285,102.67254095632804,120.28969551527891,0.0,1.0,33.3
00-0038555,Tank Bigsby,RB,,39.0,3,5.323076923076924,98.70020862596019,120.28969551527891,0.0,1.0,53.800000000000004
00-0038558,Darnell Washington,TE,,34.0,3,3.8088235294117645,70.06540231046446,135.33631781619692,0.0,1.0,71.4
00-0031260,Logan Thomas,TE,,16.0,1,7.800000000000001,106.98031611010073,135.33631781619692,0.0,1.0,
00-0038563,Tre Tucker,WR,,47.0,3,7.719148936170214,127.11128088068445,131.9197730605639,0.0,1.0,161.70000000000002
00-0038573,Derius Davis,WR,,28.0,3,2.6892857142857145,70.92069762461635,131.9197730605639,0.0,1.0,3.5
00-0038576,Charlie Jones,WR,,8.0,3,2.0250000000000004,88.15877897846332,131.9197730605639,0.0,1.0,0.0
00-0038579,Aidan O'Connell,QB,,21.0,3,14.44761904761905,237.31676427002446,321.7482669128458,0.0,1.0,5.800000000000001
00-0038582,Clayton Tune,QB,,13.0,3,0.5,128.73863027554845,321.7482669128458,0.0,1.0,2.4000000000000004
00-0038583,Dorian Thompson-Robinson,QB,,13.0,2,3.5923076923076924,152.30414751692777,321.7482669128458,0.0,1.0,
00-0038589,Josh Whyle,TE,,28.0,3,3.492857142857143,67.37204808007326,135.33631781619692,0.0,1.0,14.6
00-0031280,Derek Carr,QB,,27.0,2,19.49074074074074,292.30628553467216,321.7482669128458,0.0,1.0,
00-0038598,Jaren Hall,QB,,3.0,1,1.2666666666666668,194.08001463110023,321.7482669128458,0.0,1.0,
00-0031288,AJ McCarron,QB,,2.0,1,0.47500000000000003,202.1705709994947,321.7482669128458,0.0,1.0,
00-0038608,Kayshon Boutte,WR,,32.0,3,7.746875,126.13980615589833,131.9197730605639,0.0,1.0,124.1
00-0038611,Chris Rodriguez Jr.,RB,,26.0,3,6.207692307692308,110.55027320066213,120.28969551527891,0.0,1.0,92.0
00-0038612,A.T. Perry,WR,,8.0,1,7.575,119.60877897846333,131.9197730605639,0.0,1.0,
00-0038618,Xavier Hutchinson,WR,,40.0,3,3.59,76.45733384791285,131.9197730605639,0.0,1.0,98.0
00-0038619,Andrei Iosivas,WR,,41.0,3,6.351219512195121,109.95106483303718,131.9197730605639,0.0,1.0,89.9
00-0038621,DeMario Douglas,WR,,45.0,3,7.793333333333333,127.90673271283802,131.9197730605639,0.0,1.0,95.80000000000001
00-0038622,Deuce Vaughn,RB,,11.0,2,2.4363636363636365,87.21894349732628,120.28969551527891,0.0,1.0,
00-0038627,Antoine Green,WR,,2.0,1,0.6,103.37837197128441,131.9197730605639,0.0,1.0,
00-0038632,Colton Dowell,WR,,2.0,1,0.65,103.47281641572886,131.9197730605639,0.0,1.0,
00-0038636,Kenny McIntosh,RB,,7.0,1,3.1999999999999997,99.13528149686128,120.28969551527891,0.0,1.0,
00-0038640,Jalen Brooks,WR,,17.0,3,3.3058823529411767,84.7215362267612,131.9197730605639,0.0,1.0,8.100000000000001
00-0038643,Brayden Willis,TE,,2.0,2,0.0,72.32056197351241,135.33631781619692,0.0,1.0,0.0
00-0038647,Ronnie Bell,WR,,12.0,3,3.775,93.23252483868283,131.9197730605639,0.0,1.0,10.3
00-0038658,Adrian Martinez,QB,,1.0,1,-0.1,213.01295752887674,321.7482669128458,0.0,1.0,-0.1
00-0038667,Elijah Cooks,WR,,2.0,1,3.4000000000000004,108.66726086017331,131.9197730605639,0.0,1.0,
00-0038678,Jordan Mims,RB,,8.0,2,3.2625,97.62547810115873,120.28969551527891,0.0,1.0,
00-0038679,Tyrell Shavers,WR,,11.0,2,5.3999999999999995,105.56335909196737,131.9197730605639,0.0,1.0,45.5
00-0038685,Chris Brooks,RB,,24.0,3,3.5625,83.82028686069523,120.28969551527891,0.0,1.0,32.7
00-0038705,Emari Demercado,RB,,35.0,3,5.322857142857143,99.3414014593688,120.28969551527891,0.0,1.0,58.300000000000004
00-0038710,Blake Whiteheart,TE,,13.0,2,1.5,56.31965915597323,135.33631781619692,0.0,1.0,2.4
00-0038720,Julian Hill,TE,,28.0,3,2.1357142857142857,52.690229898255076,135.33631781619692,0.0,1.0,29.0
00-0038728,Jared Wayne,WR,,1.0,1,4.0,112.2594526754776,131.9197730605639,0.0,1.0,4.0
00-0038738,Hunter Luepke,RB,,29.0,3,2.6413793103448273,71.1446994317291,120.28969551527891,0.0,1.0,37.0
00-0038752,Jake Bobo,WR,,27.0,3,3.355555555555556,78.61885338332837,131.9197730605639,0.0,1.0,4.0
00-0038783,Nate Adkins,TE,,22.0,3,3.022727272727273,64.00710830324272,135.33631781619692,0.0,1.0,16.8
00-0038794,Jaleel McLaughlin,RB,,41.0,3,5.721951219512195,103.28967498996157,120.28969551527891,0.0,1.0,31.4
00-0038797,Emanuel Wilson,RB,,38.0,3,5.3500000000000005,99.17428656347796,120.28969551527891,0.0,1.0,92.5
00-0038809,Ben Sims,TE,,13.0,3,2.023076923076923,60.30586605252494,135.33631781619692,0.0,1.0,6.0
00-0038821,Rakim Jarrett,WR,,12.0,2,2.6166666666666667,84.79323912439713,131.9197730605639,0.0,1.0,
00-0038824,Ryan Miller,WR,,12.0,2,4.016666666666667,94.99323912439712,131.9197730605639,0.0,1.0,11.4
00-0038839,Mitchell Tinsley,WR,,8.0,1,3.95,99.06711231179665,131.9197730605639,0.0,1.0,31.6
00-0038840,Brycen Tremayne,WR,,9.0,2,3.4222222222222225,94.56042781932479,131.9197730605639,0.0,1.0,30.0
00-0038862,Elijah Dotson,RB,,1.0,1,3.9000000000000004,115.62420437810646,120.28969551527891,0.0,1.0,
00-0038891,Shedrick Jackson,WR,,4.0,2,3.975,105.53553477415598,131.9197730605639,0.0,1.0,15.9
00-0038896,Jacob Saylors,RB,,1.0,1,1.1,112.82420437810644,120.28969551527891,0.0,1.0,1.1
00-0038911,Malik Cunningham,QB,,2.0,2,0.05,201.36779322171694,321.7482669128458,0.0,1.0,0.1
00-0038920,John Shenker,TE,,1.0,1,1.7000000000000002,78.27471267783667,135.33631781619692,0.0,1.0,
00-0038933,Dalton Kincaid,TE,,41.0,3,9.200000000000001,135.33631781619692,135.33631781619692,0.0,1.0,126.1
00-0038935,Brenton Strange,TE,,31.0,3,7.212903225806452,108.57383224517497,135.33631781619692,0.0,1.0,118.0
00-0038938,Jalin Hyatt,WR,,28.0,3,2.9642857142857144,73.89569762461636,131.9197730605639,0.0,1.0,8.5
00-0038941,Tyler Scott,WR,,14.0,2,2.6714285714285717,82.54035651610398,131.9197730605639,0.0,1.0,
00-0038951,Sean Tucker,RB,,28.0,3,5.903571428571429,107.03207896426841,120.28969551527891,0.0,1.0,91.4
00-0038953,Dylan Drummond,WR,,4.0,1,2.8,101.54053477415597,131.9197730605639,0.0,1.0,11.2
00-0038976,Marvin Mims Jr.,WR,,45.0,3,6.382222222222222,110.2100114013626,131.9197730605639,0.0,1.0,89.0
00-0031299,Jordan Matthews,TE,,1.0,1,0.0,76.57471267783667,135.33631781619692,0.0,1.0,
00-0038979,Cedric Tillman,WR,,32.0,3,5.706250000000001,103.012722822565,131.9197730605639,0.0,1.0,60.0
00-0031345,Jimmy Garoppolo,QB,,11.0,3,10.395454545454546,206.18038066632982,321.7482669128458,0.0,1.0,-1.0
00-0031376,Jerick McKinnon,RB,,12.0,1,7.2,120.28969551527891,120.28969551527891,0.0,1.0,
00-0031428,Allen Robinson,WR,,21.0,2,3.238095238095238,80.98407285089512,131.9197730605639,0.0,1.0,
00-0038998,Jake Haener,QB,,8.0,1,2.1875,163.3508449162877,321.7482669128458,0.0,1.0,
00-0039021,Roschon Johnson,RB,,29.0,3,6.248275862068966,110.66025498728466,120.28969551527891,0.0,1.0,1.7000000000000002
00-0031484,Chris Manhertz,TE,,10.0,3,1.73,61.379619827816285,135.33631781619692,0.0,1.0,1.7000000000000002
00-0031503,Jameis Winston,QB,,20.0,3,12.095,214.8672299441918,321.7482669128458,0.0,1.0,52.949999999999996
00-0039041,Elijah Higgins,TE,,38.0,3,3.7789473684210524,69.3142613985782,135.33631781619692,0.0,1.0,58.1
00-0039050,Payne Durham,TE,,15.0,3,3.1599999999999997,67.98613275881365,135.33631781619692,0.0,1.0,2.1
00-0039052,Trey Palmer,WR,,27.0,2,4.848148148148148,94.55141152286323,131.9197730605639,0.0,1.0,
00-0031547,DeVante Parker,WR,,13.0,1,5.56923076923077,105.90381708562482,131.9197730605639,0.0,1.0,
00-0031549,Nelson Agholor,WR,,29.0,2,5.041379310344827,96.12912656629155,131.9197730605639,0.0,1.0,
00-0031585,MyCole Pruitt,TE,,15.0,2,2.8,65.02484243623302,135.33631781619692,0.0,1.0,
00-0039066,Michael Mayer,TE,,35.0,3,5.137142857142858,85.4582375592789,135.33631781619692,0.0,1.0,73.80000000000001
00-0031610,Darren Waller,TE,,20.0,2,10.095,131.5019476534229,135.33631781619692,0.0,1.0,88.7
00-0039074,Davis Allen,TE,,25.0,3,3.9279999999999995,72.46756379324934,135.33631781619692,0.0,1.0,62.8
00-0031690,Eric Tomlinson,TE,,4.0,1,0.725,67.55350577616117,135.33631781619692,0.0,1.0,
00-0039136,Zach Evans,RB,,4.0,1,0.47500000000000003,96.58057372139048,120.28969551527891,0.0,1.0,
00-0031763,DeAndre Carter,WR,,13.0,2,1.9923076923076921,78.64519639596963,131.9197730605639,0.0,1.0,
00-0039144,Luke Musgrave,TE,,31.0,3,4.383870967741935,76.85255564943029,135.33631781619692,0.0,1.0,49.2
00-0031800,Taylor Heinicke,QB,,9.0,2,9.811111111111112,204.96081111963622,321.7482669128458,0.0,1.0,
00-0039150,Bryce Young,QB,,46.0,3,16.181521739130435,262.53016577404685,321.7482669128458,0.0,1.0,292.15000000000003
00-0039152,Will Levis,QB,,21.0,2,14.235714285714288,235.2721696754299,321.7482669128458,0.0,1.0,
00-0039163,C.J. Stroud,QB,,46.0,3,20.319565217391304,314.7229077095308,321.7482669128458,0.0,1.0,276.95
00-0039164,Anthony Richardson,QB,,16.0,3,17.3875,261.01000868721576,321.7482669128458,0.0,1.0,2.25
00-0031868,Damiere Byrd,WR,,1.0,1,0.0,108.2594526754776,131.9197730605639,0.0,1.0,
00-0039236,Johnny Wilson,WR,,9.0,1,1.6444444444444446,83.68042781932478,131.9197730605639,0.0,1.0,
00-0039244,Chris Collier,RB,,2.0,1,0.9000000000000001,107.2173041348783,120.28969551527891,0.0,1.0,
00-0039266,Kendall Milton,RB,,1.0,1,0.2,111.92420437810645,120.28969551527891,0.0,1.0,0.2
00-0039299,George Holani,RB,,6.0,2,2.783333333333333,99.23688520126407,120.28969551527891,0.0,1.0,14.8
00-0039305,Jack Westover,TE,,2.0,1,0.5,73.26500641795685,135.33631781619692,0.0,1.0,1.0
00-0039316,Baylor Cupp,TE,,1.0,1,0.0,76.57471267783667,135.33631781619692,0.0,1.0,
00-0039325,Carson Steele,RB,,12.0,1,1.991666666666667,82.34326694385034,120.28969551527891,0.0,1.0,
00-0031941,Jamison Crowder,WR,,11.0,2,6.009090909090909,109.7818776104859,131.9197730605639,0.0,1.0,
00-0032062,Blake Bell,TE,,6.0,1,1.9333333333333333,68.1350052510556,135.33631781619692,0.0,1.0,
00-0039342,Xavier Legette,WR,,30.0,2,7.1466666666666665,119.24371077137216,131.9197730605639,0.0,1.0,89.30000000000001
00-0039344,Jonathon Brooks,RB,,3.0,1,2.5,106.67428812777943,120.28969551527891,0.0,1.0,
00-0039355,Luke McCaffrey,WR,,19.0,2,4.4263157894736835,93.43173415666055,131.9197730605639,0.0,1.0,49.3
00-0039356,Ja'Tavion Sanders,TE,,26.0,2,4.892307692307693,82.48024084579104,135.33631781619692,0.0,1.0,54.0
00-0039359,Cade Stover,TE,,19.0,2,2.8526315789473684,63.51914615780638,135.33631781619692,0.0,1.0,19.900000000000002
00-0032104,Ameer Abdullah,RB,,40.0,3,5.1025,95.8752049004966,120.28969551527891,0.0,1.0,37.9
00-0032128,Chris Conley,WR,,8.0,2,2.9375,93.32961231179667,131.9197730605639,0.0,1.0,
00-0039364,Sione Vaki,RB,,5.0,2,1.7000000000000004,97.3243559251338,120.28969551527891,0.0,1.0,0.4
00-0039365,Jacob Cowing,WR,,3.0,1,4.233333333333333,108.22687870963786,131.9197730605639,0.0,1.0,
00-0039373,Audric Estimé,RB,,18.0,2,5.377777777777777,104.26210218905322,120.28969551527891,0.0,1.0,48.099999999999994
00-0039376,Spencer Rattler,QB,,16.0,2,13.715625000000001,229.7990711872158,321.7482669128458,0.0,1.0,131.0
00-0039379,Jamari Thrash,WR,,14.0,2,1.85,76.02368984943732,131.9197730605639,0.0,1.0,20.700000000000003
00-0032134,C.J. Uzomah,TE,,7.0,1,2.8285714285714287,71.23348328361841,135.33631781619692,0.0,1.0,
00-0039386,Bub Means,WR,,4.0,1,6.7,114.80053477415598,131.9197730605639,0.0,1.0,
00-0032141,Geoff Swaim,TE,,8.0,2,2.6374999999999997,69.18625481346766,135.33631781619692,0.0,1.0,
00-0039392,Jha'Quan Jackson,WR,,2.0,1,0.65,103.47281641572886,131.9197730605639,0.0,1.0,
00-0039393,Jase McClellan,RB,,2.0,1,1.6,108.53952635710053,120.28969551527891,0.0,1.0,
00-0039394,Casey Washington,WR,,7.0,2,2.542857142857143,93.17437806448346,131.9197730605639,0.0,1.0,15.4
00-0039398,Joe Milton III,QB,,5.0,2,7.56,203.12001323766216,321.7482669128458,0.0,1.0,14.149999999999999
00-0039405,Jawhar Jordan,RB,,4.0,1,7.425000000000001,120.21057372139049,120.28969551527891,0.0,1.0,29.700000000000003
00-0039407,Dylan Laube,RB,,4.0,2,0.925,98.11057372139048,120.28969551527891,0.0,1.0,5.7
00-0039410,Ryan Flournoy,WR,,20.0,2,6.609999999999999,113.55029709675331,131.9197730605639,0.0,1.0,114.0
00-0039420,Jaheim Bell,TE,,3.0,1,1.3333333333333333,72.09316397490649,135.33631781619692,0.0,1.0,
00-0039424,Devaughn Vele,WR,,22.0,2,7.854545454545455,125.73712356534527,131.9197730605639,0.0,1.0,66.3
00-0039451,Isaiah Williams,WR,,10.0,2,5.130000000000001,104.32733444165845,131.9197730605639,0.0,1.0,48.7
00-0039458,Brenden Bates,TE,,5.0,2,1.7600000000000002,69.11286264396301,135.33631781619692,0.0,1.0,8.8
00-0039491,Jalen Coker,WR,,22.0,2,8.23409090909091,129.47264988113474,131.9197730605639,0.0,1.0,88.4
00-0039521,Xavier Weaver,WR,,8.0,2,1.7125,86.38794564512997,131.9197730605639,0.0,1.0,13.7
00-0039530,Brevyn Spann-Ford,TE,,16.0,2,2.6125,62.88656611010073,135.33631781619692,0.0,1.0,24.0
00-0039543,Ramel Keyton,WR,,2.0,1,0.8500000000000001,103.85059419350664,131.9197730605639,0.0,1.0,
00-0039573,Blake Watson,RB,,1.0,1,3.3,115.02420437810646,120.28969551527891,0.0,1.0,
00-0039577,Kedon Slovis,QB,,2.0,1,-0.05,201.178904332828,321.7482669128458,0.0,1.0,-0.1
00-0039589,Kameron Johnson,WR,,7.0,2,2.685714285714286,93.91350849926607,131.9197730605639,0.0,1.0,17.7
00-0039603,British Brooks,RB,,4.0,2,2.0,101.7655737213905,120.28969551527891,0.0,1.0,7.800000000000001
00-0039613,Dallin Holker,TE,,2.0,1,2.55,77.13722864017907,135.33631781619692,0.0,1.0,
00-0039614,Jermaine Jackson,WR,,1.0,1,-0.1,108.15945267547761,131.9197730605639,0.0,1.0,
00-0039617,Jacob Kibodi,RB,,1.0,1,4.9,116.62420437810646,120.28969551527891,0.0,1.0,
00-0039623,Mason Tipton,WR,,15.0,2,2.953333333333333,83.66163533816515,131.9197730605639,0.0,1.0,20.400000000000002
00-0039631,Cam Grandy,TE,,6.0,2,1.75,67.28500525105561,135.33631781619692,0.0,1.0,2.7
00-0039648,David Martin-Robinson,TE,,6.0,2,2.433333333333333,70.45318706923743,135.33631781619692,0.0,1.0,13.0
00-0039650,Bryce Oliver,WR,,6.0,2,2.8833333333333333,97.02321343105089,131.9197730605639,0.0,1.0,1.8
00-0039686,Colson Yankoff,TE,,3.0,1,1.2666666666666666,71.91421660648544,135.33631781619692,0.0,1.0,3.8
00-0039703,Cody Schrader,RB,,1.0,1,1.9000000000000001,113.62420437810644,120.28969551527891,0.0,1.0,
00-0032144,Melvin Gordon,RB,,4.0,1,4.925000000000001,111.71057372139049,120.28969551527891,0.0,1.0,
00-0039737,Tip Reiman,TE,,8.0,2,1.8125,64.51125481346764,135.33631781619692,0.0,1.0,4.8
00-0039738,Blake Corum,RB,,31.0,2,5.02258064516129,96.72790371123,120.28969551527891,0.0,1.0,122.2
00-0039739,Roman Wilson,WR,,9.0,1,4.288888888888889,99.86442781932479,131.9197730605639,0.0,1.0,38.6
00-0039746,Will Shipley,RB,,13.0,2,2.707692307692308,86.12798187682102,120.28969551527891,0.0,1.0,19.5
00-0039747,Ainias Smith,WR,,3.0,1,5.8999999999999995,112.70056292016417,131.9197730605639,0.0,1.0,
00-0039751,Jordan Whittington,WR,,18.0,2,4.933333333333334,98.52972633773881,131.9197730605639,0.0,1.0,36.3
00-0039754,Devin Culp,TE,,3.0,2,7.133333333333333,87.66158502753808,135.33631781619692,0.0,1.0,7.6
00-0039757,Terrell Jennings,RB,,7.0,2,2.642857142857143,96.2526728012091,120.28969551527891,0.0,1.0,15.200000000000001
00-0039792,Devontez Walker,WR,,7.0,2,6.671428571428572,114.53524762970085,131.9197730605639,0.0,1.0,37.6
00-0039793,AJ Barner,TE,,30.0,2,7.526666666666667,111.74717642441792,135.33631781619692,0.0,1.0,147.3
00-0039794,Braelon Allen,RB,,21.0,2,4.785714285714286,97.50841822777863,120.28969551527891,0.0,1.0,15.3
00-0039796,Rasheen Ali,RB,,9.0,2,3.0333333333333337,94.5364589771124,120.28969551527891,0.0,1.0,24.200000000000003
00-0039798,Isaiah Davis,RB,,22.0,2,5.231818181818182,101.4739861691529,120.28969551527891,0.0,1.0,69.2
00-0039810,Jermaine Burton,WR,,4.0,1,3.6750000000000003,104.51553477415598,131.9197730605639,0.0,1.0,
00-0039811,MarShawn Lloyd,RB,,1.0,1,2.8,114.52420437810646,120.28969551527891,0.0,1.0,
00-0039814,Erick All,TE,,8.0,1,4.475,79.59875481346765,135.33631781619692,0.0,1.0,
00-0039816,Anthony Gould,WR,,3.0,2,1.9666666666666668,102.14266818332209,131.9197730605639,0.0,1.0,2.6
00-0039824,Jared Wiley,TE,,2.0,2,1.55,75.24833975129019,135.33631781619692,0.0,1.0,1.4
00-0039847,Theo Johnson,TE,,25.0,2,7.836,112.97731989081034,135.33631781619692,0.0,1.0,127.80000000000001
00-0032156,Trevor Siemian,QB,,5.0,1,7.640000000000001,203.44382276147167,321.7482669128458,0.0,1.0,
00-0032200,Ty Montgomery,WR,,7.0,1,1.4142857142857144,87.33524762970086,131.9197730605639,0.0,1.0,
00-0039853,Javon Baker,WR,,4.0,1,0.55,93.89053477415598,131.9197730605639,0.0,1.0,
00-0032208,Phillip Dorsett,WR,,2.0,1,0.0,102.24503863795108,131.9197730605639,0.0,1.0,
00-0039868,Troy Franklin,WR,,33.0,2,7.218181818181819,120.20021827516571,131.9197730605639,0.0,1.0,171.10000000000002
00-0039874,Jaylen Wright,RB,,22.0,2,3.4045454545454548,83.48977564283709,120.28969551527891,0.0,1.0,48.199999999999996
00-0039875,Ray Davis,RB,,26.0,2,6.700000000000001,115.73122558161451,120.28969551527891,0.0,1.0,58.1
00-0039880,Malik Washington,WR,,29.0,2,5.775862068965517,104.1757932329582,131.9197730605639,0.0,1.0,110.7
00-0039884,Tahj Washington,WR,,2.0,1,2.35,106.68392752683997,131.9197730605639,0.0,1.0,4.7
00-0039890,Adonai Mitchell,WR,,33.0,2,4.3,86.79001419353305,131.9197730605639,0.0,1.0,87.9
00-0032211,Tyler Lockett,WR,,51.0,3,7.578431372549019,125.53598052959879,131.9197730605639,0.0,1.0,67.1
00-0032268,Marcus Mariota,QB,,15.0,3,15.55,244.7796863868034,321.7482669128458,0.0,1.0,160.45
00-0039901,Keon Coleman,WR,,25.0,2,8.396,131.9197730605639,131.9197730605639,0.0,1.0,100.4
00-0039907,Ja'Lynn Polk,WR,,13.0,1,2.5153846153846158,82.63140329252136,131.9197730605639,0.0,1.0,
00-0039062,Jonathan Mingo,WR,,34.0,3,3.544117647058824,77.77821390966238,131.9197730605639,0.0,1.0,3.5
00-0039912,Ben Sinnott,TE,,12.0,2,3.516666666666667,72.11321841154368,135.33631781619692,0.0,1.0,28.4
00-0032385,Sterling Shepard,WR,,36.0,3,5.072222222222222,95.08866722082922,131.9197730605639,0.0,1.0,82.0
00-0032392,Austin Hooper,TE,,46.0,3,4.702173913043478,80.30435670198749,135.33631781619692,0.0,1.0,59.3
00-0039917,Michael Penix Jr.,QB,,14.0,2,15.282142857142858,242.00234259969685,321.7482669128458,0.0,1.0,156.10000000000002
00-0039918,Caleb Williams,QB,,34.0,2,21.575000000000003,321.86540555981816,321.7482669128458,0.11713864697236431,1.0,409.6
00-0032394,Nick Vannett,TE,,13.0,2,3.8307692307692305,74.08172812149047,135.33631781619692,0.0,1.0,
00-0039920,Malachi Corley,WR,,13.0,2,2.9846153846153842,86.20726536148688,131.9197730605639,0.0,1.0,31.6
00-0039921,Trey Benson,RB,,16.0,2,5.15,103.12848357586907,120.28969551527891,0.0,1.0,35.4
00-0039923,J.J. McCarthy,QB,,10.0,1,16.17,245.07001069195795,321.7482669128458,0.0,1.0,161.70000000000002
00-0040009,Savion Williams,WR,,8.0,1,3.1875,94.74627897846332,131.9197730605639,0.0,1.0,25.5
00-0032398,Chris Moore,WR,,23.0,2,4.647826086956522,93.7874537303364,131.9197730605639,0.0,1.0,38.6
00-0040024,Darius Cooper,WR,,5.0,1,3.6400000000000006,102.37193788014855,131.9197730605639,0.0,1.0,18.200000000000003
00-0040039,Amar Johnson,RB,,1.0,1,0.8,112.52420437810645,120.28969551527891,0.0,1.0,0.8
00-0040058,Nick Kallerup,TE,,1.0,1,0.0,76.57471267783667,135.33631781619692,0.0,1.0,0.0
00-0040067,Jacardia Wright,RB,,1.0,1,2.0,113.72420437810645,120.28969551527891,0.0,1.0,2.0
00-0040078,Brashard Smith,RB,,12.0,1,5.2749999999999995,106.2646955152789,120.28969551527891,0.0,1.0,63.3
00-0032434,Brandon Allen,QB,,4.0,2,2.9875000000000003,191.30351389954527,321.7482669128458,0.0,1.0,1.6
00-0032436,Jeff Driskel,QB,,1.0,1,19.6,232.71295752887673,321.7482669128458,0.0,1.0,
00-0040126,Colston Loveland,TE,,16.0,1,10.31875,128.38969111010073,135.33631781619692,0.0,1.0,165.1
00-0032464,Kalif Raymond,WR,,39.0,3,5.351282051282051,97.96928537242034,131.9197730605639,0.0,1.0,60.8
00-0032543,Alex Erickson,WR,,8.0,1,5.65,108.70044564512997,131.9197730605639,0.0,1.0,
00-0040130,Jayden Higgins,WR,,17.0,1,7.617647058823529,122.48214228736725,131.9197730605639,0.0,1.0,129.5
00-0040131,Kyle Williams,WR,,11.0,1,4.472727272727273,99.14113686974517,131.9197730605639,0.0,1.0,49.2
00-0040134,Pat Bryant,WR,,12.0,1,6.233333333333334,111.14323912439713,131.9197730605639,0.0,1.0,74.80000000000001
00-0040138,Jaylin Noel,WR,,13.0,1,5.261538461538462,103.55898949941792,131.9197730605639,0.0,1.0,68.4
00-0040142,Kaleb Johnson,RB,,10.0,1,0.8800000000000001,78.80428747799267,120.28969551527891,0.0,1.0,8.8
00-0040154,Tai Felton,WR,,3.0,1,1.8333333333333333,101.78477344647997,131.9197730605639,0.0,1.0,5.5
00-0040162,Dylan Sampson,RB,,15.0,1,5.84,109.3068217557358,120.28969551527891,0.0,1.0,87.6
00-0040164,Jaylin Lane,WR,,13.0,1,3.0153846153846158,86.44174812010758,131.9197730605639,0.0,1.0,39.2
00-0040170,Elic Ayomanor,WR,,16.0,1,7.28125,119.40345923384749,131.9197730605639,0.0,1.0,116.5
00-0040172,Jordan Watkins,WR,,2.0,1,2.3,106.58948308239553,131.9197730605639,0.0,1.0,4.6
00-0040179,DJ Giddens,RB,,4.0,1,2.4000000000000004,103.1255737213905,120.28969551527891,0.0,1.0,9.600000000000001
00-0040184,KeAndre Lambert-Smith,WR,,7.0,1,2.3000000000000003,91.91785632535303,131.9197730605639,0.0,1.0,16.1
00-0040187,Mitchell Evans,TE,,13.0,1,3.707692307692308,73.14379708700771,135.33631781619692,0.0,1.0,48.2
00-0040189,Oronde Gadsden II,TE,,15.0,1,8.76,114.05064888784591,135.33631781619692,0.0,1.0,131.4
00-0040194,Jackson Hawes,TE,,13.0,1,4.053846153846154,75.78172812149046,135.33631781619692,0.0,1.0,52.7
00-0040198,Ollie Gordon II,RB,,16.0,1,3.3812500000000005,88.09410857586906,120.28969551527891,0.0,1.0,54.10000000000001
00-0032688,Robbie Chosen,WR,,9.0,3,3.822222222222223,97.0084278193248,131.9197730605639,0.0,1.0,10.3
00-0040205,Kalel Mullings,RB,,3.0,1,0.23333333333333336,100.59007760146366,120.28969551527891,0.0,1.0,0.7000000000000001
00-0040206,Riley Leonard,QB,,5.0,1,7.890000000000001,204.45572752337642,321.7482669128458,0.0,1.0,39.45
00-0040208,Tahj Brooks,RB,,6.0,1,1.0666666666666667,91.27779429217317,120.28969551527891,0.0,1.0,6.4
00-0040218,Jimmy Horn Jr.,WR,,9.0,1,3.1888888888888887,93.13242781932479,131.9197730605639,0.0,1.0,28.7
00-0040234,Quinn Ewers,QB,,4.0,1,11.35,219.73601389954524,321.7482669128458,0.0,1.0,45.4
00-0032765,Michael Thomas,WR,,10.0,1,8.98,129.50041136473538,131.9197730605639,0.0,1.0,
00-0040237,Tez Johnson,WR,,15.0,1,6.16,110.03905469300386,131.9197730605639,0.0,1.0,92.4
00-0040238,LeQuint Allen Jr.,RB,,9.0,1,2.755555555555555,92.8364589771124,120.28969551527891,0.0,1.0,24.799999999999997
00-0032775,Demarcus Robinson,WR,,39.0,3,6.848717948717949,116.02019446332945,131.9197730605639,0.0,1.0,56.2
00-0040244,Moliki Matavao,TE,,1.0,1,3.0,79.57471267783669,135.33631781619692,0.0,1.0,3.0
00-0040259,Gage Larvadain,WR,,6.0,1,2.4,94.7823043401418,131.9197730605639,0.0,1.0,14.4
00-0040277,Jahdae Walker,WR,,3.0,1,8.9,120.75319449911156,131.9197730605639,0.0,1.0,26.700000000000003
00-0040311,Theo Wease Jr.,WR,,3.0,1,8.633333333333333,120.03740502542733,131.9197730605639,0.0,1.0,25.9
00-0040317,Jacoby Jones,WR,,1.0,1,3.5,111.75945267547762,131.9197730605639,0.0,1.0,3.5
00-0040352,Coleman Owen,WR,,1.0,1,0.0,108.2594526754776,131.9197730605639,0.0,1.0,0.0
00-0040363,Keleki Latu,TE,,2.0,1,3.75,79.40389530684575,135.33631781619692,0.0,1.0,7.5
00-0040388,Jakobie Keeney-James,WR,,1.0,1,3.5,111.75945267547762,131.9197730605639,0.0,1.0,3.5
00-0040398,Brady Cook,QB,,5.0,1,7.57,203.16048942813833,321.7482669128458,0.0,1.0,37.85
00-0040406,Quentin Skinner,WR,,1.0,1,2.0,110.2594526754776,131.9197730605639,0.0,1.0,2.0
00-0040429,Josh Williams,RB,,1.0,1,1.1,112.82420437810644,120.28969551527891,0.0,1.0,1.1
00-0040432,Beaux Collins,WR,,3.0,1,1.5,100.8900366043747,131.9197730605639,0.0,1.0,4.5
00-0040466,Raheim Sanders,RB,,4.0,1,5.075000000000001,112.2205737213905,120.28969551527891,0.0,1.0,20.300000000000004
00-0040476,Ulysses Bentley IV,RB,,1.0,1,0.0,111.72420437810645,120.28969551527891,0.0,1.0,0.0
00-0040488,Carter Runyon,TE,,1.0,1,1.3,77.87471267783667,135.33631781619692,0.0,1.0,1.3
00-0040494,Max Brosmer,QB,,6.0,1,1.2500000000000002,170.47364899958663,321.7482669128458,0.0,1.0,7.500000000000002
00-0040509,Ben Yurosek,TE,,2.0,1,1.7000000000000002,75.53167308462352,135.33631781619692,0.0,1.0,3.4000000000000004
00-0040522,Xavier Restrepo,WR,,2.0,1,3.5500000000000003,108.95059419350665,131.9197730605639,0.0,1.0,7.1000000000000005
00-0040534,Ke'Shawn Williams,WR,,2.0,1,1.25,104.6061497490622,131.9197730605639,0.0,1.0,2.5
00-0040547,Nate Carter,RB,,2.0,1,2.0,109.29508191265609,120.28969551527891,0.0,1.0,4.0
00-0040556,Corey Kiner,RB,,4.0,1,2.325,102.87057372139049,120.28969551527891,0.0,1.0,9.3
00-0040563,Efton Chism III,WR,,2.0,1,8.25,117.82837197128443,131.9197730605639,0.0,1.0,16.5
00-0040581,Dont'e Thornton Jr.,WR,,11.0,1,2.1363636363636362,82.95965538826368,131.9197730605639,0.0,1.0,23.5
00-0022942,Philip Rivers,QB,,3.0,1,15.033333333333333,231.0326462100476,321.7482669128458,0.0,1.0,45.1
00-0032950,Carson Wentz,QB,,8.0,3,16.01875,241.72792824962107,321.7482669128458,0.0,1.0,92.50000000000001
00-0040584,Gunnar Helm,TE,,16.0,1,5.73125,89.39594111010074,135.33631781619692,0.0,1.0,91.7
00-0040586,Jaydon Blue,RB,,5.0,1,4.08,106.95768925846713,120.28969551527891,0.0,1.0,20.4
00-0040590,Konata Mumpfield,WR,,9.0,1,2.8000000000000003,90.7524278193248,131.9197730605639,0.0,1.0,25.200000000000003
00-0040628,Drake Dabney,TE,,1.0,1,1.3,77.87471267783667,135.33631781619692,0.0,1.0,1.3
00-0040644,Trevor Etienne,RB,,6.0,1,2.2833333333333337,96.91870338308226,120.28969551527891,0.0,1.0,13.700000000000001
00-0040646,Jalen Royals,WR,,1.0,1,2.4,110.65945267547761,131.9197730605639,0.0,1.0,2.4
00-0040648,Tory Horton,WR,,7.0,1,8.442857142857143,123.70046502100521,131.9197730605639,0.0,1.0,59.1
00-0032951,Laquon Treadwell,WR,,1.0,1,2.6,110.85945267547761,131.9197730605639,0.0,1.0,
00-0032975,Jonathan Williams,RB,,1.0,1,-0.2,111.52420437810646,120.28969551527891,0.0,1.0,
00-0040667,Matthew Golden,WR,,14.0,1,5.0,101.01368984943731,131.9197730605639,0.0,1.0,70.0
00-0040668,Shedeur Sanders,QB,,8.0,1,14.1125,230.92584491628776,321.7482669128458,0.0,1.0,112.9
00-0040669,Isaac TeSlaa,WR,,14.0,1,5.421428571428572,104.35702318277066,131.9197730605639,0.0,1.0,75.9
00-0040673,Jalen Milroe,QB,,3.0,1,-0.5333333333333333,189.24843568373183,321.7482669128458,0.0,1.0,-1.6
00-0029604,Kirk Cousins,QB,,32.0,3,18.6625,286.9858391248105,321.7482669128458,0.0,1.0,140.75
00-0040582,Arian Smith,WR,,10.0,1,1.35,79.61194982627383,131.9197730605639,0.0,1.0,13.5
00-0040704,Dillon Gabriel,QB,,10.0,1,9.344999999999999,200.44501069195792,321.7482669128458,0.0,1.0,93.44999999999999
00-0040705,Chimere Dike,WR,,16.0,1,7.25625,119.19095923384748,131.9197730605639,0.0,1.0,116.1
00-0033009,Tyler Boyd,WR,,32.0,2,6.971875000000001,117.356472822565,131.9197730605639,0.0,1.0,
00-0040719,Bhayshul Tuten,RB,,15.0,1,5.906666666666667,109.85520885250999,120.28969551527891,0.0,1.0,88.60000000000001
00-0040727,Tre Harris,WR,,16.0,1,4.3375,94.38158423384748,131.9197730605639,0.0,1.0,69.4
00-0040729,Jack Bech,WR,,12.0,1,3.5333333333333337,91.47181055296855,131.9197730605639,0.0,1.0,42.400000000000006
00-0033110,Tyler Higbee,TE,,27.0,3,7.637037037037037,111.7946538493773,135.33631781619692,0.0,1.0,71.1
00-0033118,Kenyan Drake,RB,,2.0,1,1.5499999999999998,108.4450819126561,120.28969551527891,0.0,1.0,
00-0040735,Luther Burden III,WR,,15.0,1,8.526666666666667,129.50679662848773,131.9197730605639,0.0,1.0,127.9
00-0040736,Mason Taylor,TE,,13.0,1,6.684615384615385,95.83000398355942,135.33631781619692,0.0,1.0,86.9
00-0040737,Terrance Ferguson,TE,,10.0,1,5.21,84.13346598166245,135.33631781619692,0.0,1.0,52.1
00-0040739,Elijah Arroyo,TE,,13.0,1,2.838461538461539,66.51965915597323,135.33631781619692,0.0,1.0,36.900000000000006
00-0040743,Tyler Shough,QB,,11.0,1,18.16363636363636,259.98223251818166,321.7482669128458,0.0,1.0,199.79999999999998
00-0040782,Isaiah Bond,WR,,14.0,1,3.757142857142857,91.15368984943731,131.9197730605639,0.0,1.0,52.6
00-0040676,Cam Ward,QB,,17.0,1,14.608823529411765,237.72334175730015,321.7482669128458,0.0,1.0,248.35000000000002
